0 verbose cli /usr/local/Cellar/node/24.2.0/bin/node /usr/local/bin/npm
1 info using npm@11.3.0
2 info using node@v24.2.0
3 silly config load:file:/usr/local/Cellar/node/24.2.0/libexec/lib/node_modules/npm/npmrc
4 silly config load:file:/Users/Natech/Downloads/development/DailyOS/.npmrc
5 silly config load:file:/Users/Natech/.npmrc
6 silly config load:file:/Users/Natech/.npm-global/etc/npmrc
7 verbose title npm install
8 verbose argv "install"
9 verbose logfile logs-max:10 dir:/Users/Natech/Downloads/development/DailyOS/.npm-cache/_logs/2026-09-12T22_44_36_247Z-
10 verbose logfile /Users/Natech/Downloads/development/DailyOS/.npm-cache/_logs/2026-09-12T22_44_36_247Z-debug-0.log
11 silly logfile done cleaning log files
12 silly packumentCache heap:2348810240 maxSize:587202560 maxEntrySize:293601280
13 silly idealTree buildDeps
14 silly fetch manifest @google/genai@^0.1.1
15 silly packumentCache full:https://registry.npmjs.org/@google%2fgenai cache-miss
16 http fetch GET 200 https://registry.npmjs.org/@google%2fgenai 1736ms (cache miss)
17 silly packumentCache full:https://registry.npmjs.org/@google%2fgenai set size:undefined disposed:false
18 silly fetch manifest @supabase/supabase-js@^2.48.1
19 silly packumentCache full:https://registry.npmjs.org/@supabase%2fsupabase-js cache-miss
20 http fetch GET 200 https://registry.npmjs.org/@supabase%2fsupabase-js 1654ms (cache miss)
21 silly packumentCache full:https://registry.npmjs.org/@supabase%2fsupabase-js set size:undefined disposed:false
22 silly fetch manifest @opentelemetry/api@>=1.0.0
23 silly packumentCache full:https://registry.npmjs.org/@opentelemetry%2fapi cache-miss
24 http fetch GET 200 https://registry.npmjs.org/@opentelemetry%2fapi 549ms (cache miss)
25 silly packumentCache full:https://registry.npmjs.org/@opentelemetry%2fapi set size:undefined disposed:false
26 silly fetch manifest better-sqlite3@^11.8.1
27 silly packumentCache full:https://registry.npmjs.org/better-sqlite3 cache-miss
28 http fetch GET 200 https://registry.npmjs.org/better-sqlite3 390ms (cache miss)
29 silly packumentCache full:https://registry.npmjs.org/better-sqlite3 set size:undefined disposed:false
30 silly fetch manifest clsx@^2.1.1
31 silly packumentCache full:https://registry.npmjs.org/clsx cache-miss
32 http fetch GET 200 https://registry.npmjs.org/clsx 324ms (cache miss)
33 silly packumentCache full:https://registry.npmjs.org/clsx set size:undefined disposed:false
34 silly fetch manifest cors@^2.8.5
35 silly packumentCache full:https://registry.npmjs.org/cors cache-miss
36 http fetch GET 200 https://registry.npmjs.org/cors 189ms (cache miss)
37 silly packumentCache full:https://registry.npmjs.org/cors set size:undefined disposed:false
38 silly fetch manifest dotenv@^16.4.7
39 silly packumentCache full:https://registry.npmjs.org/dotenv cache-miss
40 http fetch GET 200 https://registry.npmjs.org/dotenv 199ms (cache miss)
41 silly packumentCache full:https://registry.npmjs.org/dotenv set size:undefined disposed:false
42 silly fetch manifest express@^4.21.2
43 silly packumentCache full:https://registry.npmjs.org/express cache-miss
44 http fetch GET 200 https://registry.npmjs.org/express 473ms (cache miss)
45 silly packumentCache full:https://registry.npmjs.org/express set size:undefined disposed:false
46 silly fetch manifest lucide-react@^0.475.0
47 silly packumentCache full:https://registry.npmjs.org/lucide-react cache-miss
48 http fetch GET 200 https://registry.npmjs.org/lucide-react 624ms (cache miss)
49 silly packumentCache full:https://registry.npmjs.org/lucide-react set size:undefined disposed:false
50 silly fetch manifest react@^19.0.0
51 silly packumentCache full:https://registry.npmjs.org/react cache-miss
52 http fetch GET 200 https://registry.npmjs.org/react 2507ms (cache miss)
53 silly packumentCache full:https://registry.npmjs.org/react set size:undefined disposed:false
54 silly fetch manifest node-cron@^3.0.3
55 silly packumentCache full:https://registry.npmjs.org/node-cron cache-miss
56 http fetch GET 200 https://registry.npmjs.org/node-cron 262ms (cache miss)
57 silly packumentCache full:https://registry.npmjs.org/node-cron set size:undefined disposed:false
58 silly fetch manifest react-dom@^19.0.0
59 silly packumentCache full:https://registry.npmjs.org/react-dom cache-miss
60 http fetch GET 200 https://registry.npmjs.org/react-dom 1751ms (cache miss)
61 silly packumentCache full:https://registry.npmjs.org/react-dom set size:undefined disposed:false
62 silly fetch manifest recharts@^2.15.1
63 silly packumentCache full:https://registry.npmjs.org/recharts cache-miss
64 http fetch GET 200 https://registry.npmjs.org/recharts 514ms (cache miss)
65 silly packumentCache full:https://registry.npmjs.org/recharts set size:undefined disposed:false
66 silly fetch manifest tailwind-merge@^3.0.1
67 silly packumentCache full:https://registry.npmjs.org/tailwind-merge cache-miss
68 http fetch GET 200 https://registry.npmjs.org/tailwind-merge 993ms (cache miss)
69 silly packumentCache full:https://registry.npmjs.org/tailwind-merge set size:undefined disposed:false
70 silly fetch manifest @vitejs/plugin-react@^4.3.4
71 silly packumentCache full:https://registry.npmjs.org/@vitejs%2fplugin-react cache-miss
72 http fetch GET 200 https://registry.npmjs.org/@vitejs%2fplugin-react 219ms (cache miss)
73 silly packumentCache full:https://registry.npmjs.org/@vitejs%2fplugin-react set size:undefined disposed:false
74 silly fetch manifest vite@^6.1.0
75 silly packumentCache full:https://registry.npmjs.org/vite cache-miss
76 http fetch GET 200 https://registry.npmjs.org/vite 4898ms (cache miss)
77 silly packumentCache full:https://registry.npmjs.org/vite set size:undefined disposed:false
78 silly fetch manifest @types/node@^18.0.0 || ^20.0.0 || >=22.0.0
79 silly packumentCache full:https://registry.npmjs.org/@types%2fnode cache-miss
80 http fetch GET 200 https://registry.npmjs.org/@types%2fnode 1114ms (cache miss)
81 silly packumentCache full:https://registry.npmjs.org/@types%2fnode set size:undefined disposed:false
82 silly fetch manifest jiti@>=1.21.0
83 silly packumentCache full:https://registry.npmjs.org/jiti cache-miss
84 http fetch GET 200 https://registry.npmjs.org/jiti 239ms (cache miss)
85 silly packumentCache full:https://registry.npmjs.org/jiti set size:undefined disposed:false
86 silly fetch manifest less@*
87 silly packumentCache full:https://registry.npmjs.org/less cache-miss
88 http fetch GET 200 https://registry.npmjs.org/less 367ms (cache miss)
89 silly packumentCache full:https://registry.npmjs.org/less set size:undefined disposed:false
90 silly fetch manifest lightningcss@^1.21.0
91 silly packumentCache full:https://registry.npmjs.org/lightningcss cache-miss
92 http fetch GET 200 https://registry.npmjs.org/lightningcss 426ms (cache miss)
93 silly packumentCache full:https://registry.npmjs.org/lightningcss set size:undefined disposed:false
94 silly fetch manifest sass@*
95 silly packumentCache full:https://registry.npmjs.org/sass cache-miss
96 http fetch GET 200 https://registry.npmjs.org/sass 397ms (cache miss)
97 silly packumentCache full:https://registry.npmjs.org/sass set size:undefined disposed:false
98 silly fetch manifest sass-embedded@*
99 silly packumentCache full:https://registry.npmjs.org/sass-embedded cache-miss
100 http fetch GET 200 https://registry.npmjs.org/sass-embedded 386ms (cache miss)
101 silly packumentCache full:https://registry.npmjs.org/sass-embedded set size:undefined disposed:false
102 silly fetch manifest stylus@*
103 silly packumentCache full:https://registry.npmjs.org/stylus cache-miss
104 http fetch GET 200 https://registry.npmjs.org/stylus 232ms (cache miss)
105 silly packumentCache full:https://registry.npmjs.org/stylus set size:undefined disposed:false
106 silly fetch manifest sugarss@*
107 silly packumentCache full:https://registry.npmjs.org/sugarss cache-miss
108 http fetch GET 200 https://registry.npmjs.org/sugarss 356ms (cache miss)
109 silly packumentCache full:https://registry.npmjs.org/sugarss set size:undefined disposed:false
110 silly fetch manifest postcss@^8.5.2
111 silly packumentCache full:https://registry.npmjs.org/postcss cache-miss
112 http fetch GET 200 https://registry.npmjs.org/postcss 446ms (cache miss)
113 silly packumentCache full:https://registry.npmjs.org/postcss set size:undefined disposed:false
114 silly fetch manifest terser@^5.16.0
115 silly packumentCache full:https://registry.npmjs.org/terser cache-miss
116 http fetch GET 200 https://registry.npmjs.org/terser 405ms (cache miss)
117 silly packumentCache full:https://registry.npmjs.org/terser set size:undefined disposed:false
118 silly fetch manifest tsx@^4.8.1
119 silly packumentCache full:https://registry.npmjs.org/tsx cache-miss
120 http fetch GET 200 https://registry.npmjs.org/tsx 274ms (cache miss)
121 silly packumentCache full:https://registry.npmjs.org/tsx set size:undefined disposed:false
122 silly fetch manifest yaml@^2.4.2
123 silly packumentCache full:https://registry.npmjs.org/yaml cache-miss
124 http fetch GET 200 https://registry.npmjs.org/yaml 280ms (cache miss)
125 silly packumentCache full:https://registry.npmjs.org/yaml set size:undefined disposed:false
126 silly fetch manifest autoprefixer@^10.4.20
127 silly packumentCache full:https://registry.npmjs.org/autoprefixer cache-miss
128 http fetch GET 200 https://registry.npmjs.org/autoprefixer 664ms (cache miss)
129 silly packumentCache full:https://registry.npmjs.org/autoprefixer set size:undefined disposed:false
130 silly fetch manifest nodemon@^3.1.9
131 silly packumentCache full:https://registry.npmjs.org/nodemon cache-miss
132 http fetch GET 200 https://registry.npmjs.org/nodemon 752ms (cache miss)
133 silly packumentCache full:https://registry.npmjs.org/nodemon set size:undefined disposed:false
134 silly fetch manifest tailwindcss@^3.4.17
135 silly packumentCache full:https://registry.npmjs.org/tailwindcss cache-miss
136 http fetch GET 200 https://registry.npmjs.org/tailwindcss 2476ms (cache miss)
137 silly packumentCache full:https://registry.npmjs.org/tailwindcss set size:undefined disposed:false
138 silly placeDep ROOT @google/genai@ OK for: daily-os@1.0.0 want: ^0.1.1
139 silly placeDep ROOT @supabase/supabase-js@2.116.0 OK for: daily-os@1.0.0 want: ^2.48.1
140 silly placeDep ROOT @vitejs/plugin-react@4.7.0 OK for: daily-os@1.0.0 want: ^4.3.4
141 silly placeDep ROOT vite@6.4.3 OK for: @vitejs/plugin-react@4.7.0 want: ^4.2.0 || ^5.0.0 || ^6.0.0 || ^7.0.0
142 silly placeDep ROOT autoprefixer@10.6.0 OK for: daily-os@1.0.0 want: ^10.4.20
143 silly placeDep ROOT postcss@8.5.28 OK for: autoprefixer@10.6.0 want: ^8.1.0
144 silly placeDep ROOT better-sqlite3@11.10.0 OK for: daily-os@1.0.0 want: ^11.8.1
145 silly placeDep ROOT clsx@2.1.1 OK for: daily-os@1.0.0 want: ^2.1.1
146 silly placeDep ROOT cors@2.8.6 OK for: daily-os@1.0.0 want: ^2.8.5
147 silly placeDep ROOT dotenv@16.6.1 OK for: daily-os@1.0.0 want: ^16.4.7
148 silly placeDep ROOT express@4.22.2 OK for: daily-os@1.0.0 want: ^4.21.2
149 silly placeDep ROOT lucide-react@0.475.0 OK for: daily-os@1.0.0 want: ^0.475.0
150 silly placeDep ROOT react@19.3.0 OK for: lucide-react@0.475.0 want: ^16.5.1 || ^17.0.0 || ^18.0.0 || ^19.0.0
151 silly placeDep ROOT node-cron@3.0.3 OK for: daily-os@1.0.0 want: ^3.0.3
152 silly placeDep ROOT nodemon@3.1.14 OK for: daily-os@1.0.0 want: ^3.1.9
153 silly placeDep ROOT react-dom@19.3.0 OK for: daily-os@1.0.0 want: ^19.0.0
154 silly placeDep ROOT recharts@2.15.4 OK for: daily-os@1.0.0 want: ^2.15.1
155 silly placeDep ROOT tailwind-merge@3.7.0 OK for: daily-os@1.0.0 want: ^3.0.1
156 silly placeDep ROOT tailwindcss@3.4.19 OK for: daily-os@1.0.0 want: ^3.4.17
157 silly fetch manifest @supabase/auth-js@2.116.0
158 silly packumentCache full:https://registry.npmjs.org/@supabase%2fauth-js cache-miss
159 silly fetch manifest @supabase/storage-js@2.116.0
160 silly packumentCache full:https://registry.npmjs.org/@supabase%2fstorage-js cache-miss
161 silly fetch manifest @supabase/realtime-js@2.116.0
162 silly packumentCache full:https://registry.npmjs.org/@supabase%2frealtime-js cache-miss
163 http fetch GET 200 https://registry.npmjs.org/@supabase%2fauth-js 631ms (cache miss)
164 silly packumentCache full:https://registry.npmjs.org/@supabase%2fauth-js set size:undefined disposed:false
165 silly fetch manifest @supabase/functions-js@2.116.0
166 silly packumentCache full:https://registry.npmjs.org/@supabase%2ffunctions-js cache-miss
167 http fetch GET 200 https://registry.npmjs.org/@supabase%2fstorage-js 1292ms (cache miss)
168 silly packumentCache full:https://registry.npmjs.org/@supabase%2fstorage-js set size:undefined disposed:false
169 silly fetch manifest @supabase/postgrest-js@2.116.0
170 silly packumentCache full:https://registry.npmjs.org/@supabase%2fpostgrest-js cache-miss
171 http fetch GET 200 https://registry.npmjs.org/@supabase%2ffunctions-js 888ms (cache miss)
172 silly packumentCache full:https://registry.npmjs.org/@supabase%2ffunctions-js set size:undefined disposed:false
173 silly fetch manifest @babel/core@^7.28.0
174 silly packumentCache full:https://registry.npmjs.org/@babel%2fcore cache-miss
175 http fetch GET 200 https://registry.npmjs.org/@supabase%2frealtime-js 1622ms (cache miss)
176 silly packumentCache full:https://registry.npmjs.org/@supabase%2frealtime-js set size:undefined disposed:false
177 silly fetch manifest react-refresh@^0.17.0
178 silly packumentCache full:https://registry.npmjs.org/react-refresh cache-miss
179 http fetch GET 200 https://registry.npmjs.org/@babel%2fcore 457ms (cache miss)
180 silly packumentCache full:https://registry.npmjs.org/@babel%2fcore set size:undefined disposed:false
181 silly fetch manifest @types/babel__core@^7.20.5
182 silly packumentCache full:https://registry.npmjs.org/@types%2fbabel__core cache-miss
183 http fetch GET 200 https://registry.npmjs.org/@supabase%2fpostgrest-js 756ms (cache miss)
184 silly packumentCache full:https://registry.npmjs.org/@supabase%2fpostgrest-js set size:undefined disposed:false
185 silly fetch manifest @rolldown/pluginutils@1.0.0-beta.27
186 silly packumentCache full:https://registry.npmjs.org/@rolldown%2fpluginutils cache-miss
187 http fetch GET 200 https://registry.npmjs.org/@types%2fbabel__core 282ms (cache miss)
188 silly packumentCache full:https://registry.npmjs.org/@types%2fbabel__core set size:undefined disposed:false
189 silly fetch manifest @babel/plugin-transform-react-jsx-self@^7.27.1
190 silly packumentCache full:https://registry.npmjs.org/@babel%2fplugin-transform-react-jsx-self cache-miss
191 http fetch GET 200 https://registry.npmjs.org/react-refresh 1091ms (cache miss)
192 silly packumentCache full:https://registry.npmjs.org/react-refresh set size:undefined disposed:false
193 silly fetch manifest @babel/plugin-transform-react-jsx-source@^7.27.1
194 silly packumentCache full:https://registry.npmjs.org/@babel%2fplugin-transform-react-jsx-source cache-miss
195 http fetch GET 200 https://registry.npmjs.org/@babel%2fplugin-transform-react-jsx-self 588ms (cache miss)
196 silly packumentCache full:https://registry.npmjs.org/@babel%2fplugin-transform-react-jsx-self set size:undefined disposed:false
197 silly fetch manifest fdir@^6.4.4
198 silly packumentCache full:https://registry.npmjs.org/fdir cache-miss
199 http fetch GET 200 https://registry.npmjs.org/@rolldown%2fpluginutils 809ms (cache miss)
200 silly packumentCache full:https://registry.npmjs.org/@rolldown%2fpluginutils set size:undefined disposed:false
201 silly fetch manifest rollup@^4.34.9
202 silly packumentCache full:https://registry.npmjs.org/rollup cache-miss
203 http fetch GET 200 https://registry.npmjs.org/fdir 117ms (cache miss)
204 silly packumentCache full:https://registry.npmjs.org/fdir set size:undefined disposed:false
205 silly fetch manifest esbuild@^0.25.0
206 silly packumentCache full:https://registry.npmjs.org/esbuild cache-miss
207 http fetch GET 200 https://registry.npmjs.org/@babel%2fplugin-transform-react-jsx-source 241ms (cache miss)
208 silly packumentCache full:https://registry.npmjs.org/@babel%2fplugin-transform-react-jsx-source set size:undefined disposed:false
209 silly fetch manifest postcss@^8.5.3
210 silly packumentCache full:https://registry.npmjs.org/postcss cache-miss
211 http cache https://registry.npmjs.org/postcss 19ms (cache hit)
212 silly packumentCache full:https://registry.npmjs.org/postcss set size:766699 disposed:false
213 silly fetch manifest picomatch@^4.0.2
214 silly packumentCache full:https://registry.npmjs.org/picomatch cache-miss
215 http fetch GET 200 https://registry.npmjs.org/esbuild 587ms (cache miss)
216 silly packumentCache full:https://registry.npmjs.org/esbuild set size:undefined disposed:false
217 silly fetch manifest tinyglobby@^0.2.13
218 silly packumentCache full:https://registry.npmjs.org/tinyglobby cache-miss
219 http fetch GET 200 https://registry.npmjs.org/picomatch 582ms (cache miss)
220 silly packumentCache full:https://registry.npmjs.org/picomatch set size:undefined disposed:false
221 silly fetch manifest fsevents@~2.3.3
222 silly packumentCache full:https://registry.npmjs.org/fsevents cache-miss
223 http fetch GET 200 https://registry.npmjs.org/tinyglobby 277ms (cache miss)
224 silly packumentCache full:https://registry.npmjs.org/tinyglobby set size:undefined disposed:false
225 silly fetch manifest picocolors@^1.1.1
226 silly packumentCache full:https://registry.npmjs.org/picocolors cache-miss
227 http fetch GET 200 https://registry.npmjs.org/picocolors 283ms (cache miss)
228 silly packumentCache full:https://registry.npmjs.org/picocolors set size:undefined disposed:false
229 silly fetch manifest fraction.js@^5.3.4
230 silly packumentCache full:https://registry.npmjs.org/fraction.js cache-miss
231 http fetch GET 200 https://registry.npmjs.org/fsevents 446ms (cache miss)
232 silly packumentCache full:https://registry.npmjs.org/fsevents set size:undefined disposed:false
233 silly fetch manifest browserslist@^4.28.9
234 silly packumentCache full:https://registry.npmjs.org/browserslist cache-miss
235 http fetch GET 200 https://registry.npmjs.org/rollup 1315ms (cache miss)
236 silly packumentCache full:https://registry.npmjs.org/rollup set size:undefined disposed:false
237 silly fetch manifest caniuse-lite@^1.0.30001810
238 silly packumentCache full:https://registry.npmjs.org/caniuse-lite cache-miss
239 http fetch GET 200 https://registry.npmjs.org/fraction.js 557ms (cache miss)
240 silly packumentCache full:https://registry.npmjs.org/fraction.js set size:undefined disposed:false
241 silly fetch manifest postcss-value-parser@^4.2.0
242 silly packumentCache full:https://registry.npmjs.org/postcss-value-parser cache-miss
243 http fetch GET 200 https://registry.npmjs.org/browserslist 854ms (cache miss)
244 silly packumentCache full:https://registry.npmjs.org/browserslist set size:undefined disposed:false
245 silly fetch manifest nanoid@^3.3.18
246 silly packumentCache full:https://registry.npmjs.org/nanoid cache-miss
247 http fetch GET 200 https://registry.npmjs.org/postcss-value-parser 479ms (cache miss)
248 silly packumentCache full:https://registry.npmjs.org/postcss-value-parser set size:undefined disposed:false
249 silly fetch manifest source-map-js@^1.2.1
250 silly packumentCache full:https://registry.npmjs.org/source-map-js cache-miss
251 http fetch GET 200 https://registry.npmjs.org/nanoid 161ms (cache miss)
252 silly packumentCache full:https://registry.npmjs.org/nanoid set size:undefined disposed:false
253 silly fetch manifest bindings@^1.5.0
254 silly packumentCache full:https://registry.npmjs.org/bindings cache-miss
255 http fetch GET 200 https://registry.npmjs.org/source-map-js 318ms (cache miss)
256 silly packumentCache full:https://registry.npmjs.org/source-map-js set size:undefined disposed:false
257 silly fetch manifest prebuild-install@^7.1.1
258 silly packumentCache full:https://registry.npmjs.org/prebuild-install cache-miss
259 http fetch GET 200 https://registry.npmjs.org/bindings 371ms (cache miss)
260 silly packumentCache full:https://registry.npmjs.org/bindings set size:undefined disposed:false
261 silly fetch manifest object-assign@^4
262 silly packumentCache full:https://registry.npmjs.org/object-assign cache-miss
263 http fetch GET 200 https://registry.npmjs.org/caniuse-lite 1252ms (cache miss)
264 silly packumentCache full:https://registry.npmjs.org/caniuse-lite set size:undefined disposed:false
265 silly fetch manifest vary@^1
266 silly packumentCache full:https://registry.npmjs.org/vary cache-miss
267 http fetch GET 200 https://registry.npmjs.org/object-assign 202ms (cache miss)
268 silly packumentCache full:https://registry.npmjs.org/object-assign set size:undefined disposed:false
269 silly fetch manifest qs@~6.15.1
270 silly packumentCache full:https://registry.npmjs.org/qs cache-miss
271 http fetch GET 200 https://registry.npmjs.org/prebuild-install 294ms (cache miss)
272 silly packumentCache full:https://registry.npmjs.org/prebuild-install set size:undefined disposed:false
273 silly fetch manifest depd@2.0.0
274 silly packumentCache full:https://registry.npmjs.org/depd cache-miss
275 http fetch GET 200 https://registry.npmjs.org/vary 235ms (cache miss)
276 silly packumentCache full:https://registry.npmjs.org/vary set size:undefined disposed:false
277 silly fetch manifest etag@~1.8.1
278 silly packumentCache full:https://registry.npmjs.org/etag cache-miss
279 http fetch GET 200 https://registry.npmjs.org/etag 472ms (cache miss)
280 silly packumentCache full:https://registry.npmjs.org/etag set size:undefined disposed:false
281 silly fetch manifest send@~0.19.0
282 silly packumentCache full:https://registry.npmjs.org/send cache-miss
283 http fetch GET 200 https://registry.npmjs.org/depd 492ms (cache miss)
284 silly packumentCache full:https://registry.npmjs.org/depd set size:undefined disposed:false
285 silly fetch manifest vary@~1.1.2
286 silly packumentCache full:https://registry.npmjs.org/vary cache-miss
287 http fetch GET 200 https://registry.npmjs.org/qs 534ms (cache miss)
288 silly packumentCache full:https://registry.npmjs.org/qs set size:undefined disposed:false
289 silly fetch manifest debug@2.6.9
290 silly packumentCache full:https://registry.npmjs.org/debug cache-miss
291 http cache https://registry.npmjs.org/vary 15ms (cache hit)
292 silly packumentCache full:https://registry.npmjs.org/vary set size:15994 disposed:false
293 silly fetch manifest fresh@~0.5.2
294 silly packumentCache full:https://registry.npmjs.org/fresh cache-miss
295 http fetch GET 200 https://registry.npmjs.org/debug 371ms (cache miss)
296 silly packumentCache full:https://registry.npmjs.org/debug set size:undefined disposed:false
297 silly fetch manifest cookie@~0.7.1
298 silly packumentCache full:https://registry.npmjs.org/cookie cache-miss
299 http fetch GET 200 https://registry.npmjs.org/fresh 415ms (cache miss)
300 silly packumentCache full:https://registry.npmjs.org/fresh set size:undefined disposed:false
301 silly fetch manifest accepts@~1.3.8
302 silly packumentCache full:https://registry.npmjs.org/accepts cache-miss
303 http fetch GET 200 https://registry.npmjs.org/send 440ms (cache miss)
304 silly packumentCache full:https://registry.npmjs.org/send set size:undefined disposed:false
305 silly fetch manifest methods@~1.1.2
306 silly packumentCache full:https://registry.npmjs.org/methods cache-miss
307 http fetch GET 200 https://registry.npmjs.org/cookie 168ms (cache miss)
308 silly packumentCache full:https://registry.npmjs.org/cookie set size:undefined disposed:false
309 silly fetch manifest type-is@~1.6.18
310 silly packumentCache full:https://registry.npmjs.org/type-is cache-miss
311 http fetch GET 200 https://registry.npmjs.org/accepts 204ms (cache miss)
312 silly packumentCache full:https://registry.npmjs.org/accepts set size:undefined disposed:false
313 silly fetch manifest parseurl@~1.3.3
314 silly packumentCache full:https://registry.npmjs.org/parseurl cache-miss
315 http fetch GET 200 https://registry.npmjs.org/type-is 189ms (cache miss)
316 silly packumentCache full:https://registry.npmjs.org/type-is set size:undefined disposed:false
317 silly fetch manifest statuses@~2.0.1
318 silly packumentCache full:https://registry.npmjs.org/statuses cache-miss
319 http fetch GET 200 https://registry.npmjs.org/methods 358ms (cache miss)
320 silly packumentCache full:https://registry.npmjs.org/methods set size:undefined disposed:false
321 silly fetch manifest encodeurl@~2.0.0
322 silly packumentCache full:https://registry.npmjs.org/encodeurl cache-miss
323 http fetch GET 200 https://registry.npmjs.org/parseurl 172ms (cache miss)
324 silly packumentCache full:https://registry.npmjs.org/parseurl set size:undefined disposed:false
325 silly fetch manifest proxy-addr@~2.0.7
326 silly packumentCache full:https://registry.npmjs.org/proxy-addr cache-miss
327 http fetch GET 200 https://registry.npmjs.org/encodeurl 357ms (cache miss)
328 silly packumentCache full:https://registry.npmjs.org/encodeurl set size:undefined disposed:false
329 silly fetch manifest body-parser@~1.20.5
330 silly packumentCache full:https://registry.npmjs.org/body-parser cache-miss
331 http fetch GET 200 https://registry.npmjs.org/statuses 401ms (cache miss)
332 silly packumentCache full:https://registry.npmjs.org/statuses set size:undefined disposed:false
333 silly fetch manifest escape-html@~1.0.3
334 silly packumentCache full:https://registry.npmjs.org/escape-html cache-miss
335 http fetch GET 200 https://registry.npmjs.org/proxy-addr 354ms (cache miss)
336 silly packumentCache full:https://registry.npmjs.org/proxy-addr set size:undefined disposed:false
337 silly fetch manifest http-errors@~2.0.0
338 silly packumentCache full:https://registry.npmjs.org/http-errors cache-miss
339 http fetch GET 200 https://registry.npmjs.org/escape-html 200ms (cache miss)
340 silly packumentCache full:https://registry.npmjs.org/escape-html set size:undefined disposed:false
341 silly fetch manifest on-finished@~2.4.1
342 silly packumentCache full:https://registry.npmjs.org/on-finished cache-miss
343 http fetch GET 200 https://registry.npmjs.org/http-errors 207ms (cache miss)
344 silly packumentCache full:https://registry.npmjs.org/http-errors set size:undefined disposed:false
345 silly fetch manifest safe-buffer@5.2.1
346 silly packumentCache full:https://registry.npmjs.org/safe-buffer cache-miss
347 http fetch GET 200 https://registry.npmjs.org/safe-buffer 307ms (cache miss)
348 silly packumentCache full:https://registry.npmjs.org/safe-buffer set size:undefined disposed:false
349 silly fetch manifest utils-merge@1.0.1
350 silly packumentCache full:https://registry.npmjs.org/utils-merge cache-miss
351 http fetch GET 200 https://registry.npmjs.org/on-finished 330ms (cache miss)
352 silly packumentCache full:https://registry.npmjs.org/on-finished set size:undefined disposed:false
353 silly fetch manifest content-type@~1.0.4
354 silly packumentCache full:https://registry.npmjs.org/content-type cache-miss
355 http fetch GET 200 https://registry.npmjs.org/body-parser 537ms (cache miss)
356 silly packumentCache full:https://registry.npmjs.org/body-parser set size:undefined disposed:false
357 silly fetch manifest finalhandler@~1.3.1
358 silly packumentCache full:https://registry.npmjs.org/finalhandler cache-miss
359 http fetch GET 200 https://registry.npmjs.org/utils-merge 555ms (cache miss)
360 silly packumentCache full:https://registry.npmjs.org/utils-merge set size:undefined disposed:false
361 silly fetch manifest range-parser@~1.2.1
362 silly packumentCache full:https://registry.npmjs.org/range-parser cache-miss
363 http fetch GET 200 https://registry.npmjs.org/content-type 552ms (cache miss)
364 silly packumentCache full:https://registry.npmjs.org/content-type set size:undefined disposed:false
365 silly fetch manifest serve-static@~1.16.2
366 silly packumentCache full:https://registry.npmjs.org/serve-static cache-miss
367 http fetch GET 200 https://registry.npmjs.org/range-parser 182ms (cache miss)
368 silly packumentCache full:https://registry.npmjs.org/range-parser set size:undefined disposed:false
369 silly fetch manifest array-flatten@1.1.1
370 silly packumentCache full:https://registry.npmjs.org/array-flatten cache-miss
371 http fetch GET 200 https://registry.npmjs.org/array-flatten 208ms (cache miss)
372 silly packumentCache full:https://registry.npmjs.org/array-flatten set size:undefined disposed:false
373 silly fetch manifest path-to-regexp@~0.1.12
374 silly packumentCache full:https://registry.npmjs.org/path-to-regexp cache-miss
375 http fetch GET 200 https://registry.npmjs.org/serve-static 404ms (cache miss)
376 silly packumentCache full:https://registry.npmjs.org/serve-static set size:undefined disposed:false
377 silly fetch manifest setprototypeof@1.2.0
378 silly packumentCache full:https://registry.npmjs.org/setprototypeof cache-miss
379 http fetch GET 200 https://registry.npmjs.org/setprototypeof 109ms (cache miss)
380 silly packumentCache full:https://registry.npmjs.org/setprototypeof set size:undefined disposed:false
381 silly fetch manifest cookie-signature@~1.0.6
382 silly packumentCache full:https://registry.npmjs.org/cookie-signature cache-miss
383 http fetch GET 200 https://registry.npmjs.org/path-to-regexp 236ms (cache miss)
384 silly packumentCache full:https://registry.npmjs.org/path-to-regexp set size:undefined disposed:false
385 silly fetch manifest merge-descriptors@1.0.3
386 silly packumentCache full:https://registry.npmjs.org/merge-descriptors cache-miss
387 http fetch GET 200 https://registry.npmjs.org/cookie-signature 150ms (cache miss)
388 silly packumentCache full:https://registry.npmjs.org/cookie-signature set size:undefined disposed:false
389 silly fetch manifest content-disposition@~0.5.4
390 silly packumentCache full:https://registry.npmjs.org/content-disposition cache-miss
391 http fetch GET 200 https://registry.npmjs.org/merge-descriptors 205ms (cache miss)
392 silly packumentCache full:https://registry.npmjs.org/merge-descriptors set size:undefined disposed:false
393 silly fetch manifest uuid@8.3.2
394 silly packumentCache full:https://registry.npmjs.org/uuid cache-miss
395 http fetch GET 200 https://registry.npmjs.org/finalhandler 1719ms (cache miss)
396 silly packumentCache full:https://registry.npmjs.org/finalhandler set size:undefined disposed:false
397 silly fetch manifest debug@^4
398 silly packumentCache full:https://registry.npmjs.org/debug cache-miss
399 http fetch GET 200 https://registry.npmjs.org/content-disposition 676ms (cache miss)
400 silly packumentCache full:https://registry.npmjs.org/content-disposition set size:undefined disposed:false
401 silly fetch manifest touch@^3.1.0
402 silly packumentCache full:https://registry.npmjs.org/touch cache-miss
403 http fetch GET 200 https://registry.npmjs.org/uuid 523ms (cache miss)
404 silly packumentCache full:https://registry.npmjs.org/uuid set size:undefined disposed:false
405 silly fetch manifest semver@^7.5.3
406 silly packumentCache full:https://registry.npmjs.org/semver cache-miss
407 http cache https://registry.npmjs.org/debug 199ms (cache hit)
408 silly packumentCache full:https://registry.npmjs.org/debug set size:195840 disposed:false
409 silly fetch manifest chokidar@^3.5.2
410 silly packumentCache full:https://registry.npmjs.org/chokidar cache-miss
411 http fetch GET 200 https://registry.npmjs.org/semver 235ms (cache miss)
412 silly packumentCache full:https://registry.npmjs.org/semver set size:undefined disposed:false
413 silly fetch manifest minimatch@^10.2.1
414 silly packumentCache full:https://registry.npmjs.org/minimatch cache-miss
415 http fetch GET 200 https://registry.npmjs.org/chokidar 449ms (cache miss)
416 silly packumentCache full:https://registry.npmjs.org/chokidar set size:undefined disposed:false
417 silly fetch manifest undefsafe@^2.0.5
418 silly packumentCache full:https://registry.npmjs.org/undefsafe cache-miss
419 http fetch GET 200 https://registry.npmjs.org/minimatch 276ms (cache miss)
420 silly packumentCache full:https://registry.npmjs.org/minimatch set size:undefined disposed:false
421 silly fetch manifest pstree.remy@^1.1.8
422 silly packumentCache full:https://registry.npmjs.org/pstree.remy cache-miss
423 http fetch GET 200 https://registry.npmjs.org/undefsafe 397ms (cache miss)
424 silly packumentCache full:https://registry.npmjs.org/undefsafe set size:undefined disposed:false
425 silly fetch manifest supports-color@^5.5.0
426 silly packumentCache full:https://registry.npmjs.org/supports-color cache-miss
427 http fetch GET 200 https://registry.npmjs.org/pstree.remy 369ms (cache miss)
428 silly packumentCache full:https://registry.npmjs.org/pstree.remy set size:undefined disposed:false
429 silly fetch manifest ignore-by-default@^1.0.1
430 silly packumentCache full:https://registry.npmjs.org/ignore-by-default cache-miss
431 http fetch GET 200 https://registry.npmjs.org/ignore-by-default 549ms (cache miss)
432 silly packumentCache full:https://registry.npmjs.org/ignore-by-default set size:undefined disposed:false
433 silly fetch manifest simple-update-notifier@^2.0.0
434 silly packumentCache full:https://registry.npmjs.org/simple-update-notifier cache-miss
435 http fetch GET 200 https://registry.npmjs.org/supports-color 581ms (cache miss)
436 silly packumentCache full:https://registry.npmjs.org/supports-color set size:undefined disposed:false
437 silly fetch manifest scheduler@^0.28.0
438 silly packumentCache full:https://registry.npmjs.org/scheduler cache-miss
439 http fetch GET 200 https://registry.npmjs.org/simple-update-notifier 1219ms (cache miss)
440 silly packumentCache full:https://registry.npmjs.org/simple-update-notifier set size:undefined disposed:false
441 silly fetch manifest lodash@^4.17.21
442 silly packumentCache full:https://registry.npmjs.org/lodash cache-miss
443 http fetch GET 200 https://registry.npmjs.org/lodash 736ms (cache miss)
444 silly packumentCache full:https://registry.npmjs.org/lodash set size:undefined disposed:false
445 silly fetch manifest react-is@^18.3.1
446 silly packumentCache full:https://registry.npmjs.org/react-is cache-miss
447 http fetch GET 200 https://registry.npmjs.org/scheduler 1969ms (cache miss)
448 silly packumentCache full:https://registry.npmjs.org/scheduler set size:undefined disposed:false
449 silly fetch manifest react-smooth@^4.0.4
450 silly packumentCache full:https://registry.npmjs.org/react-smooth cache-miss
451 http fetch GET 200 https://registry.npmjs.org/react-smooth 1296ms (cache miss)
452 silly packumentCache full:https://registry.npmjs.org/react-smooth set size:undefined disposed:false
453 silly fetch manifest eventemitter3@^4.0.1
454 silly packumentCache full:https://registry.npmjs.org/eventemitter3 cache-miss
455 http fetch GET 200 https://registry.npmjs.org/touch 5378ms (cache miss)
456 silly packumentCache full:https://registry.npmjs.org/touch set size:undefined disposed:false
457 silly fetch manifest recharts-scale@^0.4.4
458 silly packumentCache full:https://registry.npmjs.org/recharts-scale cache-miss
459 http fetch GET 200 https://registry.npmjs.org/react-is 2053ms (cache miss)
460 silly packumentCache full:https://registry.npmjs.org/react-is set size:undefined disposed:false
461 silly fetch manifest tiny-invariant@^1.3.1
462 silly packumentCache full:https://registry.npmjs.org/tiny-invariant cache-miss
463 http fetch GET 200 https://registry.npmjs.org/eventemitter3 748ms (cache miss)
464 silly packumentCache full:https://registry.npmjs.org/eventemitter3 set size:undefined disposed:false
465 silly fetch manifest victory-vendor@^36.6.8
466 silly packumentCache full:https://registry.npmjs.org/victory-vendor cache-miss
467 http fetch GET 200 https://registry.npmjs.org/tiny-invariant 1224ms (cache miss)
468 silly packumentCache full:https://registry.npmjs.org/tiny-invariant set size:undefined disposed:false
469 silly fetch manifest arg@^5.0.2
470 silly packumentCache full:https://registry.npmjs.org/arg cache-miss
471 http fetch GET 200 https://registry.npmjs.org/victory-vendor 1442ms (cache miss)
472 silly packumentCache full:https://registry.npmjs.org/victory-vendor set size:undefined disposed:false
473 silly fetch manifest dlv@^1.1.3
474 silly packumentCache full:https://registry.npmjs.org/dlv cache-miss
475 http fetch GET 200 https://registry.npmjs.org/recharts-scale 1750ms (cache miss)
476 silly packumentCache full:https://registry.npmjs.org/recharts-scale set size:undefined disposed:false
477 silly fetch manifest jiti@^1.21.7
478 silly packumentCache full:https://registry.npmjs.org/jiti cache-miss
479 http cache https://registry.npmjs.org/jiti 7ms (cache hit)
480 silly packumentCache full:https://registry.npmjs.org/jiti set size:387989 disposed:false
481 silly fetch manifest is-glob@^4.0.3
482 silly packumentCache full:https://registry.npmjs.org/is-glob cache-miss
483 http fetch GET 200 https://registry.npmjs.org/arg 2138ms (cache miss)
484 silly packumentCache full:https://registry.npmjs.org/arg set size:undefined disposed:false
485 silly fetch manifest resolve@^1.22.8
486 silly packumentCache full:https://registry.npmjs.org/resolve cache-miss
487 http fetch GET 200 https://registry.npmjs.org/dlv 2672ms (cache miss)
488 silly packumentCache full:https://registry.npmjs.org/dlv set size:undefined disposed:false
489 silly fetch manifest sucrase@^3.35.0
490 silly packumentCache full:https://registry.npmjs.org/sucrase cache-miss
491 http fetch GET 200 https://registry.npmjs.org/is-glob 3312ms (cache miss)
492 silly packumentCache full:https://registry.npmjs.org/is-glob set size:undefined disposed:false
493 silly fetch manifest chokidar@^3.6.0
494 silly packumentCache full:https://registry.npmjs.org/chokidar cache-miss
495 http cache https://registry.npmjs.org/chokidar 10ms (cache hit)
496 silly packumentCache full:https://registry.npmjs.org/chokidar set size:255902 disposed:false
497 silly fetch manifest fast-glob@^3.3.2
498 silly packumentCache full:https://registry.npmjs.org/fast-glob cache-miss
499 http fetch GET 200 https://registry.npmjs.org/resolve 3531ms (cache miss)
500 silly packumentCache full:https://registry.npmjs.org/resolve set size:undefined disposed:false
501 silly fetch manifest lilconfig@^3.1.3
502 silly packumentCache full:https://registry.npmjs.org/lilconfig cache-miss
503 http fetch GET 200 https://registry.npmjs.org/sucrase 3755ms (cache miss)
504 silly packumentCache full:https://registry.npmjs.org/sucrase set size:undefined disposed:false
505 silly fetch manifest didyoumean@^1.2.2
506 silly packumentCache full:https://registry.npmjs.org/didyoumean cache-miss
507 http fetch GET 200 https://registry.npmjs.org/fast-glob 6400ms (cache miss)
508 silly packumentCache full:https://registry.npmjs.org/fast-glob set size:undefined disposed:false
509 silly fetch manifest micromatch@^4.0.8
510 silly packumentCache full:https://registry.npmjs.org/micromatch cache-miss
511 http fetch GET 200 https://registry.npmjs.org/lilconfig 5221ms (cache miss)
512 silly packumentCache full:https://registry.npmjs.org/lilconfig set size:undefined disposed:false
513 silly fetch manifest postcss-js@^4.0.1
514 silly packumentCache full:https://registry.npmjs.org/postcss-js cache-miss
515 http fetch GET 200 https://registry.npmjs.org/didyoumean 6448ms (cache miss)
516 silly packumentCache full:https://registry.npmjs.org/didyoumean set size:undefined disposed:false
517 silly fetch manifest glob-parent@^6.0.2
518 silly packumentCache full:https://registry.npmjs.org/glob-parent cache-miss
519 http fetch GET 200 https://registry.npmjs.org/postcss-js 3518ms (cache miss)
520 silly packumentCache full:https://registry.npmjs.org/postcss-js set size:undefined disposed:false
521 silly fetch manifest object-hash@^3.0.0
522 silly packumentCache full:https://registry.npmjs.org/object-hash cache-miss
523 http fetch GET 200 https://registry.npmjs.org/glob-parent 2181ms (cache miss)
524 silly packumentCache full:https://registry.npmjs.org/glob-parent set size:undefined disposed:false
525 silly fetch manifest normalize-path@^3.0.0
526 silly packumentCache full:https://registry.npmjs.org/normalize-path cache-miss
527 http fetch GET 200 https://registry.npmjs.org/micromatch 5389ms (cache miss)
528 silly packumentCache full:https://registry.npmjs.org/micromatch set size:undefined disposed:false
529 silly fetch manifest postcss-import@^15.1.0
530 silly packumentCache full:https://registry.npmjs.org/postcss-import cache-miss
531 http fetch GET 200 https://registry.npmjs.org/object-hash 1082ms (cache miss)
532 silly packumentCache full:https://registry.npmjs.org/object-hash set size:undefined disposed:false
533 silly fetch manifest postcss-nested@^6.2.0
534 silly packumentCache full:https://registry.npmjs.org/postcss-nested cache-miss
535 http fetch GET 200 https://registry.npmjs.org/normalize-path 309ms (cache miss)
536 silly packumentCache full:https://registry.npmjs.org/normalize-path set size:undefined disposed:false
537 silly fetch manifest @alloc/quick-lru@^5.2.0
538 silly packumentCache full:https://registry.npmjs.org/@alloc%2fquick-lru cache-miss
539 http fetch GET 200 https://registry.npmjs.org/postcss-nested 348ms (cache miss)
540 silly packumentCache full:https://registry.npmjs.org/postcss-nested set size:undefined disposed:false
541 silly fetch manifest postcss-load-config@^4.0.2 || ^5.0 || ^6.0
542 silly packumentCache full:https://registry.npmjs.org/postcss-load-config cache-miss
543 http fetch GET 200 https://registry.npmjs.org/@alloc%2fquick-lru 797ms (cache miss)
544 silly packumentCache full:https://registry.npmjs.org/@alloc%2fquick-lru set size:undefined disposed:false
545 silly fetch manifest postcss-selector-parser@^6.1.2
546 silly packumentCache full:https://registry.npmjs.org/postcss-selector-parser cache-miss
547 http fetch GET 200 https://registry.npmjs.org/postcss-load-config 616ms (cache miss)
548 silly packumentCache full:https://registry.npmjs.org/postcss-load-config set size:undefined disposed:false
549 http fetch GET 200 https://registry.npmjs.org/postcss-import 1039ms (cache miss)
550 silly packumentCache full:https://registry.npmjs.org/postcss-import set size:undefined disposed:false
551 http fetch GET 200 https://registry.npmjs.org/postcss-selector-parser 355ms (cache miss)
552 silly packumentCache full:https://registry.npmjs.org/postcss-selector-parser set size:undefined disposed:false
553 silly placeDep ROOT @supabase/auth-js@2.116.0 OK for: @supabase/supabase-js@2.116.0 want: 2.116.0
554 silly placeDep ROOT @supabase/functions-js@2.116.0 OK for: @supabase/supabase-js@2.116.0 want: 2.116.0
555 silly placeDep ROOT @supabase/postgrest-js@2.116.0 OK for: @supabase/supabase-js@2.116.0 want: 2.116.0
556 silly placeDep ROOT @supabase/realtime-js@2.116.0 OK for: @supabase/supabase-js@2.116.0 want: 2.116.0
557 silly placeDep ROOT @supabase/storage-js@2.116.0 OK for: @supabase/supabase-js@2.116.0 want: 2.116.0
558 silly fetch manifest tslib@2.8.1
559 silly packumentCache full:https://registry.npmjs.org/tslib cache-miss
560 silly fetch manifest tslib@2.8.1
561 silly packumentCache full:https://registry.npmjs.org/tslib cache-miss
562 silly fetch manifest tslib@2.8.1
563 silly packumentCache full:https://registry.npmjs.org/tslib cache-miss
564 http fetch GET 200 https://registry.npmjs.org/tslib 123ms (cache miss)
565 silly packumentCache full:https://registry.npmjs.org/tslib set size:undefined disposed:false
566 silly fetch manifest @supabase/phoenix@0.4.5
567 silly packumentCache full:https://registry.npmjs.org/@supabase%2fphoenix cache-miss
568 http fetch GET 200 https://registry.npmjs.org/tslib 226ms (cache miss)
569 silly packumentCache full:https://registry.npmjs.org/tslib set size:undefined disposed:false
570 silly fetch manifest iceberg-js@^0.8.1
571 silly packumentCache full:https://registry.npmjs.org/iceberg-js cache-miss
572 http fetch GET 200 https://registry.npmjs.org/@supabase%2fphoenix 110ms (cache miss)
573 silly packumentCache full:https://registry.npmjs.org/@supabase%2fphoenix set size:undefined disposed:false
574 http fetch GET 200 https://registry.npmjs.org/iceberg-js 185ms (cache miss)
575 silly packumentCache full:https://registry.npmjs.org/iceberg-js set size:undefined disposed:false
576 http fetch GET 200 https://registry.npmjs.org/tslib 942ms (cache miss)
577 silly packumentCache full:https://registry.npmjs.org/tslib set size:undefined disposed:false
578 silly placeDep ROOT tslib@2.8.1 OK for: @supabase/auth-js@2.116.0 want: 2.8.1
579 silly placeDep ROOT @supabase/phoenix@0.4.5 OK for: @supabase/realtime-js@2.116.0 want: 0.4.5
580 silly placeDep ROOT iceberg-js@0.8.1 OK for: @supabase/storage-js@2.116.0 want: ^0.8.1
581 silly placeDep ROOT @babel/core@7.29.7 OK for: @vitejs/plugin-react@4.7.0 want: ^7.28.0
582 silly placeDep ROOT @babel/plugin-transform-react-jsx-self@7.29.7 OK for: @vitejs/plugin-react@4.7.0 want: ^7.27.1
583 silly placeDep ROOT @babel/plugin-transform-react-jsx-source@7.29.7 OK for: @vitejs/plugin-react@4.7.0 want: ^7.27.1
584 silly placeDep ROOT @rolldown/pluginutils@1.0.0-beta.27 OK for: @vitejs/plugin-react@4.7.0 want: 1.0.0-beta.27
585 silly placeDep ROOT @types/babel__core@7.20.5 OK for: @vitejs/plugin-react@4.7.0 want: ^7.20.5
586 silly placeDep ROOT react-refresh@0.17.0 OK for: @vitejs/plugin-react@4.7.0 want: ^0.17.0
587 silly fetch manifest debug@^4.1.0
588 silly packumentCache full:https://registry.npmjs.org/debug cache-hit
589 silly fetch manifest json5@^2.2.3
590 silly packumentCache full:https://registry.npmjs.org/json5 cache-miss
591 silly fetch manifest semver@^6.3.1
592 silly packumentCache full:https://registry.npmjs.org/semver cache-miss
593 silly fetch manifest gensync@^1.0.0-beta.2
594 silly packumentCache full:https://registry.npmjs.org/gensync cache-miss
595 http cache https://registry.npmjs.org/semver 8ms (cache hit)
596 silly packumentCache full:https://registry.npmjs.org/semver set size:246128 disposed:false
597 silly fetch manifest @babel/types@^7.29.7
598 silly packumentCache full:https://registry.npmjs.org/@babel%2ftypes cache-miss
599 http fetch GET 200 https://registry.npmjs.org/json5 118ms (cache miss)
600 silly packumentCache full:https://registry.npmjs.org/json5 set size:undefined disposed:false
601 silly fetch manifest @babel/parser@^7.29.7
602 silly packumentCache full:https://registry.npmjs.org/@babel%2fparser cache-miss
603 http fetch GET 200 https://registry.npmjs.org/gensync 193ms (cache miss)
604 silly packumentCache full:https://registry.npmjs.org/gensync set size:undefined disposed:false
605 silly fetch manifest @babel/helpers@^7.29.7
606 silly packumentCache full:https://registry.npmjs.org/@babel%2fhelpers cache-miss
607 http fetch GET 200 https://registry.npmjs.org/@babel%2fhelpers 211ms (cache miss)
608 silly packumentCache full:https://registry.npmjs.org/@babel%2fhelpers set size:undefined disposed:false
609 silly fetch manifest @babel/template@^7.29.7
610 silly packumentCache full:https://registry.npmjs.org/@babel%2ftemplate cache-miss
611 http fetch GET 200 https://registry.npmjs.org/@babel%2ftemplate 213ms (cache miss)
612 silly packumentCache full:https://registry.npmjs.org/@babel%2ftemplate set size:undefined disposed:false
613 silly fetch manifest @babel/traverse@^7.29.7
614 silly packumentCache full:https://registry.npmjs.org/@babel%2ftraverse cache-miss
615 http fetch GET 200 https://registry.npmjs.org/@babel%2fparser 701ms (cache miss)
616 silly packumentCache full:https://registry.npmjs.org/@babel%2fparser set size:undefined disposed:false
617 silly fetch manifest @babel/generator@^7.29.7
618 silly packumentCache full:https://registry.npmjs.org/@babel%2fgenerator cache-miss
619 http fetch GET 200 https://registry.npmjs.org/@babel%2ftraverse 459ms (cache miss)
620 silly packumentCache full:https://registry.npmjs.org/@babel%2ftraverse set size:undefined disposed:false
621 silly fetch manifest @babel/code-frame@^7.29.7
622 silly packumentCache full:https://registry.npmjs.org/@babel%2fcode-frame cache-miss
623 http fetch GET 200 https://registry.npmjs.org/@babel%2fcode-frame 204ms (cache miss)
624 silly packumentCache full:https://registry.npmjs.org/@babel%2fcode-frame set size:undefined disposed:false
625 silly fetch manifest convert-source-map@^2.0.0
626 silly packumentCache full:https://registry.npmjs.org/convert-source-map cache-miss
627 http fetch GET 200 https://registry.npmjs.org/convert-source-map 253ms (cache miss)
628 silly packumentCache full:https://registry.npmjs.org/convert-source-map set size:undefined disposed:false
629 silly fetch manifest @jridgewell/remapping@^2.3.5
630 silly packumentCache full:https://registry.npmjs.org/@jridgewell%2fremapping cache-miss
631 http fetch GET 200 https://registry.npmjs.org/@babel%2fgenerator 868ms (cache miss)
632 silly packumentCache full:https://registry.npmjs.org/@babel%2fgenerator set size:undefined disposed:false
633 silly fetch manifest @babel/helper-module-transforms@^7.29.7
634 silly packumentCache full:https://registry.npmjs.org/@babel%2fhelper-module-transforms cache-miss
635 http fetch GET 200 https://registry.npmjs.org/@jridgewell%2fremapping 184ms (cache miss)
636 silly packumentCache full:https://registry.npmjs.org/@jridgewell%2fremapping set size:undefined disposed:false
637 silly fetch manifest @babel/helper-compilation-targets@^7.29.7
638 silly packumentCache full:https://registry.npmjs.org/@babel%2fhelper-compilation-targets cache-miss
639 http fetch GET 200 https://registry.npmjs.org/@babel%2ftypes 2396ms (cache miss)
640 silly packumentCache full:https://registry.npmjs.org/@babel%2ftypes set size:undefined disposed:false
641 silly fetch manifest @babel/helper-plugin-utils@^7.29.7
642 silly packumentCache full:https://registry.npmjs.org/@babel%2fhelper-plugin-utils cache-miss
643 http fetch GET 200 https://registry.npmjs.org/@babel%2fhelper-compilation-targets 3215ms (cache miss)
644 silly packumentCache full:https://registry.npmjs.org/@babel%2fhelper-compilation-targets set size:undefined disposed:false
645 silly fetch manifest @babel/helper-plugin-utils@^7.29.7
646 silly packumentCache full:https://registry.npmjs.org/@babel%2fhelper-plugin-utils cache-miss
647 http fetch GET 200 https://registry.npmjs.org/@babel%2fhelper-module-transforms 3564ms (cache miss)
648 silly packumentCache full:https://registry.npmjs.org/@babel%2fhelper-module-transforms set size:undefined disposed:false
649 silly fetch manifest @babel/types@^7.20.7
650 silly packumentCache full:https://registry.npmjs.org/@babel%2ftypes cache-miss
651 http cache https://registry.npmjs.org/@babel%2ftypes 7ms (cache hit)
652 silly packumentCache full:https://registry.npmjs.org/@babel%2ftypes set size:505250 disposed:false
653 silly fetch manifest @babel/parser@^7.20.7
654 silly packumentCache full:https://registry.npmjs.org/@babel%2fparser cache-miss
655 http cache https://registry.npmjs.org/@babel%2fparser 5ms (cache hit)
656 silly packumentCache full:https://registry.npmjs.org/@babel%2fparser set size:740578 disposed:false
657 silly fetch manifest @types/babel__template@*
658 silly packumentCache full:https://registry.npmjs.org/@types%2fbabel__template cache-miss
659 http fetch GET 200 https://registry.npmjs.org/@babel%2fhelper-plugin-utils 575ms (cache miss)
660 silly packumentCache full:https://registry.npmjs.org/@babel%2fhelper-plugin-utils set size:undefined disposed:false
661 silly fetch manifest @types/babel__traverse@*
662 silly packumentCache full:https://registry.npmjs.org/@types%2fbabel__traverse cache-miss
663 http fetch GET 200 https://registry.npmjs.org/@babel%2fhelper-plugin-utils 3236ms (cache miss)
664 silly packumentCache full:https://registry.npmjs.org/@babel%2fhelper-plugin-utils set size:undefined disposed:false
665 silly fetch manifest @types/babel__generator@*
666 silly packumentCache full:https://registry.npmjs.org/@types%2fbabel__generator cache-miss
667 http fetch GET 200 https://registry.npmjs.org/@types%2fbabel__traverse 355ms (cache miss)
668 silly packumentCache full:https://registry.npmjs.org/@types%2fbabel__traverse set size:undefined disposed:false
669 http fetch GET 200 https://registry.npmjs.org/@types%2fbabel__template 611ms (cache miss)
670 silly packumentCache full:https://registry.npmjs.org/@types%2fbabel__template set size:undefined disposed:false
671 http fetch GET 200 https://registry.npmjs.org/@types%2fbabel__generator 531ms (cache miss)
672 silly packumentCache full:https://registry.npmjs.org/@types%2fbabel__generator set size:undefined disposed:false
673 silly fetch manifest @babel/core@^7.0.0
674 silly packumentCache full:https://registry.npmjs.org/@babel%2fcore cache-miss
675 http cache https://registry.npmjs.org/@babel%2fcore 8ms (cache hit)
676 silly packumentCache full:https://registry.npmjs.org/@babel%2fcore set size:792733 disposed:false
677 silly placeDep ROOT @babel/code-frame@7.29.7 OK for: @babel/core@7.29.7 want: ^7.29.7
678 silly placeDep ROOT @babel/generator@7.29.8 OK for: @babel/core@7.29.7 want: ^7.29.7
679 silly placeDep ROOT @babel/helper-compilation-targets@7.29.7 OK for: @babel/core@7.29.7 want: ^7.29.7
680 silly placeDep ROOT @babel/helper-module-transforms@7.29.7 OK for: @babel/core@7.29.7 want: ^7.29.7
681 silly placeDep ROOT @babel/helpers@7.29.7 OK for: @babel/core@7.29.7 want: ^7.29.7
682 silly placeDep ROOT @babel/parser@7.29.8 OK for: @babel/core@7.29.7 want: ^7.29.7
683 silly placeDep ROOT @babel/template@7.29.7 OK for: @babel/core@7.29.7 want: ^7.29.7
684 silly placeDep ROOT @babel/traverse@7.29.8 OK for: @babel/core@7.29.7 want: ^7.29.7
685 silly placeDep ROOT @babel/types@7.29.8 OK for: @babel/core@7.29.7 want: ^7.29.7
686 silly placeDep ROOT @jridgewell/remapping@2.3.5 OK for: @babel/core@7.29.7 want: ^2.3.5
687 silly placeDep ROOT convert-source-map@2.0.0 OK for: @babel/core@7.29.7 want: ^2.0.0
688 silly placeDep ROOT debug@4.4.3 OK for: @babel/core@7.29.7 want: ^4.1.0
689 silly placeDep ROOT gensync@1.0.0-beta.2 OK for: @babel/core@7.29.7 want: ^1.0.0-beta.2
690 silly placeDep ROOT json5@2.2.3 OK for: @babel/core@7.29.7 want: ^2.2.3
691 silly placeDep ROOT semver@6.3.1 OK for: @babel/core@7.29.7 want: ^6.3.1
692 silly fetch manifest js-tokens@^4.0.0
693 silly packumentCache full:https://registry.npmjs.org/js-tokens cache-miss
694 silly fetch manifest @babel/helper-validator-identifier@^7.29.7
695 silly packumentCache full:https://registry.npmjs.org/@babel%2fhelper-validator-identifier cache-miss
696 silly fetch manifest jsesc@^3.0.2
697 silly packumentCache full:https://registry.npmjs.org/jsesc cache-miss
698 http fetch GET 200 https://registry.npmjs.org/js-tokens 197ms (cache miss)
699 silly packumentCache full:https://registry.npmjs.org/js-tokens set size:undefined disposed:false
700 silly fetch manifest @babel/types@^7.29.8
701 silly packumentCache full:https://registry.npmjs.org/@babel%2ftypes cache-hit
702 silly fetch manifest @babel/parser@^7.29.8
703 silly packumentCache full:https://registry.npmjs.org/@babel%2fparser cache-hit
704 silly fetch manifest @jridgewell/gen-mapping@^0.3.12
705 silly packumentCache full:https://registry.npmjs.org/@jridgewell%2fgen-mapping cache-miss
706 http fetch GET 200 https://registry.npmjs.org/jsesc 419ms (cache miss)
707 silly packumentCache full:https://registry.npmjs.org/jsesc set size:undefined disposed:false
708 silly fetch manifest @jridgewell/trace-mapping@^0.3.28
709 silly packumentCache full:https://registry.npmjs.org/@jridgewell%2ftrace-mapping cache-miss
710 http fetch GET 200 https://registry.npmjs.org/@jridgewell%2fgen-mapping 222ms (cache miss)
711 silly packumentCache full:https://registry.npmjs.org/@jridgewell%2fgen-mapping set size:undefined disposed:false
712 silly fetch manifest lru-cache@^5.1.1
713 silly packumentCache full:https://registry.npmjs.org/lru-cache cache-miss
714 http fetch GET 200 https://registry.npmjs.org/lru-cache 227ms (cache miss)
715 silly packumentCache full:https://registry.npmjs.org/lru-cache set size:undefined disposed:false
716 silly fetch manifest browserslist@^4.24.0
717 silly packumentCache full:https://registry.npmjs.org/browserslist cache-miss
718 http fetch GET 200 https://registry.npmjs.org/@babel%2fhelper-validator-identifier 668ms (cache miss)
719 silly packumentCache full:https://registry.npmjs.org/@babel%2fhelper-validator-identifier set size:undefined disposed:false
720 silly fetch manifest @babel/compat-data@^7.29.7
721 silly packumentCache full:https://registry.npmjs.org/@babel%2fcompat-data cache-miss
722 http cache https://registry.npmjs.org/browserslist 11ms (cache hit)
723 silly packumentCache full:https://registry.npmjs.org/browserslist set size:521015 disposed:false
724 silly fetch manifest @babel/helper-validator-option@^7.29.7
725 silly packumentCache full:https://registry.npmjs.org/@babel%2fhelper-validator-option cache-miss
726 http fetch GET 200 https://registry.npmjs.org/@babel%2fcompat-data 294ms (cache miss)
727 silly packumentCache full:https://registry.npmjs.org/@babel%2fcompat-data set size:undefined disposed:false
728 silly fetch manifest @babel/helper-module-imports@^7.29.7
729 silly packumentCache full:https://registry.npmjs.org/@babel%2fhelper-module-imports cache-miss
730 http fetch GET 200 https://registry.npmjs.org/@jridgewell%2ftrace-mapping 731ms (cache miss)
731 silly packumentCache full:https://registry.npmjs.org/@jridgewell%2ftrace-mapping set size:undefined disposed:false
732 silly fetch manifest debug@^4.3.1
733 silly packumentCache full:https://registry.npmjs.org/debug cache-hit
734 silly fetch manifest @babel/helper-globals@^7.29.7
735 silly packumentCache full:https://registry.npmjs.org/@babel%2fhelper-globals cache-miss
736 http fetch GET 200 https://registry.npmjs.org/@babel%2fhelper-globals 341ms (cache miss)
737 silly packumentCache full:https://registry.npmjs.org/@babel%2fhelper-globals set size:undefined disposed:false
738 silly fetch manifest @babel/helper-string-parser@^7.29.7
739 silly packumentCache full:https://registry.npmjs.org/@babel%2fhelper-string-parser cache-miss
740 http fetch GET 200 https://registry.npmjs.org/@babel%2fhelper-validator-option 825ms (cache miss)
741 silly packumentCache full:https://registry.npmjs.org/@babel%2fhelper-validator-option set size:undefined disposed:false
742 silly fetch manifest @jridgewell/gen-mapping@^0.3.5
743 silly packumentCache full:https://registry.npmjs.org/@jridgewell%2fgen-mapping cache-miss
744 http fetch GET 200 https://registry.npmjs.org/@babel%2fhelper-module-imports 579ms (cache miss)
745 silly packumentCache full:https://registry.npmjs.org/@babel%2fhelper-module-imports set size:undefined disposed:false
746 silly fetch manifest @jridgewell/trace-mapping@^0.3.24
747 silly packumentCache full:https://registry.npmjs.org/@jridgewell%2ftrace-mapping cache-miss
748 http cache https://registry.npmjs.org/@jridgewell%2fgen-mapping 79ms (cache hit)
749 silly packumentCache full:https://registry.npmjs.org/@jridgewell%2fgen-mapping set size:75941 disposed:false
750 silly fetch manifest ms@^2.1.3
751 silly packumentCache full:https://registry.npmjs.org/ms cache-miss
752 http cache https://registry.npmjs.org/@jridgewell%2ftrace-mapping 41ms (cache hit)
753 silly packumentCache full:https://registry.npmjs.org/@jridgewell%2ftrace-mapping set size:170909 disposed:false
754 http fetch GET 200 https://registry.npmjs.org/@babel%2fhelper-string-parser 189ms (cache miss)
755 silly packumentCache full:https://registry.npmjs.org/@babel%2fhelper-string-parser set size:undefined disposed:false
756 http fetch GET 200 https://registry.npmjs.org/ms 412ms (cache miss)
757 silly packumentCache full:https://registry.npmjs.org/ms set size:undefined disposed:false
758 silly placeDep ROOT @babel/helper-validator-identifier@7.29.7 OK for: @babel/code-frame@7.29.7 want: ^7.29.7
759 silly placeDep ROOT js-tokens@4.0.0 OK for: @babel/code-frame@7.29.7 want: ^4.0.0
760 silly placeDep ROOT picocolors@1.1.1 OK for: @babel/code-frame@7.29.7 want: ^1.1.1
761 silly placeDep ROOT @jridgewell/gen-mapping@0.3.13 OK for: @babel/generator@7.29.8 want: ^0.3.12
762 silly placeDep ROOT @jridgewell/trace-mapping@0.3.31 OK for: @babel/generator@7.29.8 want: ^0.3.28
763 silly placeDep ROOT jsesc@3.1.0 OK for: @babel/generator@7.29.8 want: ^3.0.2
764 silly fetch manifest @jridgewell/sourcemap-codec@^1.5.0
765 silly packumentCache full:https://registry.npmjs.org/@jridgewell%2fsourcemap-codec cache-miss
766 silly fetch manifest @jridgewell/resolve-uri@^3.1.0
767 silly packumentCache full:https://registry.npmjs.org/@jridgewell%2fresolve-uri cache-miss
768 silly fetch manifest @jridgewell/sourcemap-codec@^1.4.14
769 silly packumentCache full:https://registry.npmjs.org/@jridgewell%2fsourcemap-codec cache-miss
770 http fetch GET 200 https://registry.npmjs.org/@jridgewell%2fresolve-uri 221ms (cache miss)
771 silly packumentCache full:https://registry.npmjs.org/@jridgewell%2fresolve-uri set size:undefined disposed:false
772 http fetch GET 200 https://registry.npmjs.org/@jridgewell%2fsourcemap-codec 608ms (cache miss)
773 silly packumentCache full:https://registry.npmjs.org/@jridgewell%2fsourcemap-codec set size:undefined disposed:false
774 http fetch GET 200 https://registry.npmjs.org/@jridgewell%2fsourcemap-codec 610ms (cache miss)
775 silly packumentCache full:https://registry.npmjs.org/@jridgewell%2fsourcemap-codec set size:undefined disposed:false
776 silly placeDep ROOT @babel/compat-data@7.29.7 OK for: @babel/helper-compilation-targets@7.29.7 want: ^7.29.7
777 silly placeDep ROOT @babel/helper-validator-option@7.29.7 OK for: @babel/helper-compilation-targets@7.29.7 want: ^7.29.7
778 silly placeDep ROOT browserslist@4.28.9 OK for: @babel/helper-compilation-targets@7.29.7 want: ^4.24.0
779 silly placeDep ROOT lru-cache@5.1.1 OK for: @babel/helper-compilation-targets@7.29.7 want: ^5.1.1
780 silly fetch manifest node-releases@^2.0.54
781 silly packumentCache full:https://registry.npmjs.org/node-releases cache-miss
782 silly fetch manifest electron-to-chromium@^1.5.420
783 silly packumentCache full:https://registry.npmjs.org/electron-to-chromium cache-miss
784 silly fetch manifest update-browserslist-db@^1.3.2
785 silly packumentCache full:https://registry.npmjs.org/update-browserslist-db cache-miss
786 http fetch GET 200 https://registry.npmjs.org/node-releases 280ms (cache miss)
787 silly packumentCache full:https://registry.npmjs.org/node-releases set size:undefined disposed:false
788 silly fetch manifest baseline-browser-mapping@^2.11.20
789 silly packumentCache full:https://registry.npmjs.org/baseline-browser-mapping cache-miss
790 http fetch GET 200 https://registry.npmjs.org/update-browserslist-db 507ms (cache miss)
791 silly packumentCache full:https://registry.npmjs.org/update-browserslist-db set size:undefined disposed:false
792 silly fetch manifest yallist@^3.0.2
793 silly packumentCache full:https://registry.npmjs.org/yallist cache-miss
794 http fetch GET 200 https://registry.npmjs.org/baseline-browser-mapping 316ms (cache miss)
795 silly packumentCache full:https://registry.npmjs.org/baseline-browser-mapping set size:undefined disposed:false
796 http fetch GET 200 https://registry.npmjs.org/electron-to-chromium 2100ms (cache miss)
797 silly packumentCache full:https://registry.npmjs.org/electron-to-chromium set size:undefined disposed:false
798 http fetch GET 200 https://registry.npmjs.org/yallist 1940ms (cache miss)
799 silly packumentCache full:https://registry.npmjs.org/yallist set size:undefined disposed:false
800 silly placeDep ROOT @babel/helper-module-imports@7.29.7 OK for: @babel/helper-module-transforms@7.29.7 want: ^7.29.7
801 silly placeDep ROOT @babel/helper-plugin-utils@7.29.7 OK for: @babel/plugin-transform-react-jsx-self@7.29.7 want: ^7.29.7
802 silly placeDep ROOT @babel/helper-globals@7.29.7 OK for: @babel/traverse@7.29.8 want: ^7.29.7
803 silly placeDep ROOT @babel/helper-string-parser@7.29.7 OK for: @babel/types@7.29.8 want: ^7.29.7
804 silly placeDep ROOT @jridgewell/sourcemap-codec@1.6.0 OK for: @jridgewell/gen-mapping@0.3.13 want: ^1.5.0
805 silly placeDep ROOT @jridgewell/resolve-uri@3.1.2 OK for: @jridgewell/trace-mapping@0.3.31 want: ^3.1.0
806 silly placeDep ROOT @types/babel__generator@7.27.0 OK for: @types/babel__core@7.20.5 want: *
807 silly placeDep ROOT @types/babel__template@7.4.4 OK for: @types/babel__core@7.20.5 want: *
808 silly placeDep ROOT @types/babel__traverse@7.28.0 OK for: @types/babel__core@7.20.5 want: *
809 silly placeDep ROOT caniuse-lite@1.0.30001810 OK for: autoprefixer@10.6.0 want: ^1.0.30001810
810 silly placeDep ROOT fraction.js@5.3.4 OK for: autoprefixer@10.6.0 want: ^5.3.4
811 silly placeDep ROOT postcss-value-parser@4.2.0 OK for: autoprefixer@10.6.0 want: ^4.2.0
812 silly placeDep ROOT bindings@1.5.0 OK for: better-sqlite3@11.10.0 want: ^1.5.0
813 silly placeDep ROOT prebuild-install@7.1.3 OK for: better-sqlite3@11.10.0 want: ^7.1.1
814 silly fetch manifest file-uri-to-path@1.0.0
815 silly packumentCache full:https://registry.npmjs.org/file-uri-to-path cache-miss
816 silly fetch manifest rc@^1.2.7
817 silly packumentCache full:https://registry.npmjs.org/rc cache-miss
818 silly fetch manifest pump@^3.0.0
819 silly packumentCache full:https://registry.npmjs.org/pump cache-miss
820 http fetch GET 200 https://registry.npmjs.org/file-uri-to-path 186ms (cache miss)
821 silly packumentCache full:https://registry.npmjs.org/file-uri-to-path set size:undefined disposed:false
822 silly fetch manifest tar-fs@^2.0.0
823 silly packumentCache full:https://registry.npmjs.org/tar-fs cache-miss
824 http fetch GET 200 https://registry.npmjs.org/pump 315ms (cache miss)
825 silly packumentCache full:https://registry.npmjs.org/pump set size:undefined disposed:false
826 silly fetch manifest minimist@^1.2.3
827 silly packumentCache full:https://registry.npmjs.org/minimist cache-miss
828 http fetch GET 200 https://registry.npmjs.org/tar-fs 328ms (cache miss)
829 silly packumentCache full:https://registry.npmjs.org/tar-fs set size:undefined disposed:false
830 silly fetch manifest node-abi@^3.3.0
831 silly packumentCache full:https://registry.npmjs.org/node-abi cache-miss
832 http fetch GET 200 https://registry.npmjs.org/rc 562ms (cache miss)
833 silly packumentCache full:https://registry.npmjs.org/rc set size:undefined disposed:false
834 silly fetch manifest simple-get@^4.0.0
835 silly packumentCache full:https://registry.npmjs.org/simple-get cache-miss
836 http fetch GET 200 https://registry.npmjs.org/minimist 550ms (cache miss)
837 silly packumentCache full:https://registry.npmjs.org/minimist set size:undefined disposed:false
838 silly fetch manifest detect-libc@^2.0.0
839 silly packumentCache full:https://registry.npmjs.org/detect-libc cache-miss
840 http fetch GET 200 https://registry.npmjs.org/node-abi 358ms (cache miss)
841 silly packumentCache full:https://registry.npmjs.org/node-abi set size:undefined disposed:false
842 silly fetch manifest tunnel-agent@^0.6.0
843 silly packumentCache full:https://registry.npmjs.org/tunnel-agent cache-miss
844 http fetch GET 200 https://registry.npmjs.org/simple-get 385ms (cache miss)
845 silly packumentCache full:https://registry.npmjs.org/simple-get set size:undefined disposed:false
846 silly fetch manifest mkdirp-classic@^0.5.3
847 silly packumentCache full:https://registry.npmjs.org/mkdirp-classic cache-miss
848 http fetch GET 200 https://registry.npmjs.org/tunnel-agent 497ms (cache miss)
849 silly packumentCache full:https://registry.npmjs.org/tunnel-agent set size:undefined disposed:false
850 silly fetch manifest expand-template@^2.0.3
851 silly packumentCache full:https://registry.npmjs.org/expand-template cache-miss
852 http fetch GET 200 https://registry.npmjs.org/detect-libc 513ms (cache miss)
853 silly packumentCache full:https://registry.npmjs.org/detect-libc set size:undefined disposed:false
854 silly fetch manifest napi-build-utils@^2.0.0
855 silly packumentCache full:https://registry.npmjs.org/napi-build-utils cache-miss
856 http fetch GET 200 https://registry.npmjs.org/mkdirp-classic 434ms (cache miss)
857 silly packumentCache full:https://registry.npmjs.org/mkdirp-classic set size:undefined disposed:false
858 silly fetch manifest github-from-package@0.0.0
859 silly packumentCache full:https://registry.npmjs.org/github-from-package cache-miss
860 http fetch GET 200 https://registry.npmjs.org/expand-template 214ms (cache miss)
861 silly packumentCache full:https://registry.npmjs.org/expand-template set size:undefined disposed:false
862 http fetch GET 200 https://registry.npmjs.org/napi-build-utils 412ms (cache miss)
863 silly packumentCache full:https://registry.npmjs.org/napi-build-utils set size:undefined disposed:false
864 http fetch GET 200 https://registry.npmjs.org/github-from-package 420ms (cache miss)
865 silly packumentCache full:https://registry.npmjs.org/github-from-package set size:undefined disposed:false
866 silly placeDep ROOT file-uri-to-path@1.0.0 OK for: bindings@1.5.0 want: 1.0.0
867 silly fetch manifest browserslist@>= 4.21.0
868 silly packumentCache full:https://registry.npmjs.org/browserslist cache-hit
869 silly placeDep ROOT baseline-browser-mapping@2.11.23 OK for: browserslist@4.28.9 want: ^2.11.20
870 silly placeDep ROOT electron-to-chromium@1.5.427 OK for: browserslist@4.28.9 want: ^1.5.420
871 silly placeDep ROOT node-releases@2.0.55 OK for: browserslist@4.28.9 want: ^2.0.54
872 silly placeDep ROOT update-browserslist-db@1.3.3 OK for: browserslist@4.28.9 want: ^1.3.2
873 silly fetch manifest escalade@^3.2.0
874 silly packumentCache full:https://registry.npmjs.org/escalade cache-miss
875 http fetch GET 200 https://registry.npmjs.org/escalade 579ms (cache miss)
876 silly packumentCache full:https://registry.npmjs.org/escalade set size:undefined disposed:false
877 silly placeDep ROOT object-assign@4.1.1 OK for: cors@2.8.6 want: ^4
878 silly placeDep ROOT vary@1.1.2 OK for: cors@2.8.6 want: ^1
879 silly placeDep ROOT ms@2.1.3 OK for: debug@4.4.3 want: ^2.1.3
880 silly placeDep ROOT accepts@1.3.8 OK for: express@4.22.2 want: ~1.3.8
881 silly placeDep ROOT array-flatten@1.1.1 OK for: express@4.22.2 want: 1.1.1
882 silly placeDep ROOT body-parser@1.20.8 OK for: express@4.22.2 want: ~1.20.5
883 silly placeDep ROOT content-disposition@0.5.4 OK for: express@4.22.2 want: ~0.5.4
884 silly placeDep ROOT content-type@1.0.5 OK for: express@4.22.2 want: ~1.0.4
885 silly placeDep ROOT cookie@0.7.2 OK for: express@4.22.2 want: ~0.7.1
886 silly placeDep ROOT cookie-signature@1.0.7 OK for: express@4.22.2 want: ~1.0.6
887 silly placeDep node_modules/express debug@2.6.9 OK for: express@4.22.2 want: 2.6.9
888 silly placeDep ROOT depd@2.0.0 OK for: express@4.22.2 want: 2.0.0
889 silly placeDep ROOT encodeurl@2.0.0 OK for: express@4.22.2 want: ~2.0.0
890 silly placeDep ROOT escape-html@1.0.3 OK for: express@4.22.2 want: ~1.0.3
891 silly placeDep ROOT etag@1.8.1 OK for: express@4.22.2 want: ~1.8.1
892 silly placeDep ROOT finalhandler@1.3.2 OK for: express@4.22.2 want: ~1.3.1
893 silly placeDep ROOT fresh@0.5.2 OK for: express@4.22.2 want: ~0.5.2
894 silly placeDep ROOT http-errors@2.0.1 OK for: express@4.22.2 want: ~2.0.0
895 silly placeDep ROOT merge-descriptors@1.0.3 OK for: express@4.22.2 want: 1.0.3
896 silly placeDep ROOT methods@1.1.2 OK for: express@4.22.2 want: ~1.1.2
897 silly placeDep ROOT on-finished@2.4.1 OK for: express@4.22.2 want: ~2.4.1
898 silly placeDep ROOT parseurl@1.3.3 OK for: express@4.22.2 want: ~1.3.3
899 silly placeDep ROOT path-to-regexp@0.1.13 OK for: express@4.22.2 want: ~0.1.12
900 silly placeDep ROOT proxy-addr@2.0.7 OK for: express@4.22.2 want: ~2.0.7
901 silly placeDep ROOT qs@6.15.3 OK for: express@4.22.2 want: ~6.15.1
902 silly placeDep ROOT range-parser@1.2.1 OK for: express@4.22.2 want: ~1.2.1
903 silly placeDep ROOT safe-buffer@5.2.1 OK for: express@4.22.2 want: 5.2.1
904 silly placeDep ROOT send@0.19.2 OK for: express@4.22.2 want: ~0.19.0
905 silly placeDep ROOT serve-static@1.16.3 OK for: express@4.22.2 want: ~1.16.2
906 silly placeDep ROOT setprototypeof@1.2.0 OK for: express@4.22.2 want: 1.2.0
907 silly placeDep ROOT statuses@2.0.2 OK for: express@4.22.2 want: ~2.0.1
908 silly placeDep ROOT type-is@1.6.18 OK for: express@4.22.2 want: ~1.6.18
909 silly placeDep ROOT utils-merge@1.0.1 OK for: express@4.22.2 want: 1.0.1
910 silly fetch manifest mime-types@~2.1.34
911 silly packumentCache full:https://registry.npmjs.org/mime-types cache-miss
912 silly fetch manifest negotiator@0.6.3
913 silly packumentCache full:https://registry.npmjs.org/negotiator cache-miss
914 silly fetch manifest qs@~6.16.0
915 silly packumentCache full:https://registry.npmjs.org/qs cache-miss
916 http cache https://registry.npmjs.org/qs 9ms (cache hit)
917 silly packumentCache full:https://registry.npmjs.org/qs set size:365613 disposed:false
918 silly fetch manifest bytes@~3.1.2
919 silly packumentCache full:https://registry.npmjs.org/bytes cache-miss
920 http fetch GET 200 https://registry.npmjs.org/mime-types 130ms (cache miss)
921 silly packumentCache full:https://registry.npmjs.org/mime-types set size:undefined disposed:false
922 silly fetch manifest unpipe@~1.0.0
923 silly packumentCache full:https://registry.npmjs.org/unpipe cache-miss
924 http fetch GET 200 https://registry.npmjs.org/bytes 170ms (cache miss)
925 silly packumentCache full:https://registry.npmjs.org/bytes set size:undefined disposed:false
926 silly fetch manifest destroy@~1.2.0
927 silly packumentCache full:https://registry.npmjs.org/destroy cache-miss
928 http fetch GET 200 https://registry.npmjs.org/negotiator 352ms (cache miss)
929 silly packumentCache full:https://registry.npmjs.org/negotiator set size:undefined disposed:false
930 silly fetch manifest raw-body@~2.5.3
931 silly packumentCache full:https://registry.npmjs.org/raw-body cache-miss
932 http fetch GET 200 https://registry.npmjs.org/destroy 190ms (cache miss)
933 silly packumentCache full:https://registry.npmjs.org/destroy set size:undefined disposed:false
934 silly fetch manifest iconv-lite@~0.4.24
935 silly packumentCache full:https://registry.npmjs.org/iconv-lite cache-miss
936 http fetch GET 200 https://registry.npmjs.org/unpipe 359ms (cache miss)
937 silly packumentCache full:https://registry.npmjs.org/unpipe set size:undefined disposed:false
938 silly fetch manifest http-errors@~2.0.1
939 silly packumentCache full:https://registry.npmjs.org/http-errors cache-miss
940 http cache https://registry.npmjs.org/http-errors 10ms (cache hit)
941 silly packumentCache full:https://registry.npmjs.org/http-errors set size:71987 disposed:false
942 silly fetch manifest content-type@~1.0.5
943 silly packumentCache full:https://registry.npmjs.org/content-type cache-miss
944 http cache https://registry.npmjs.org/content-type 7ms (cache hit)
945 silly packumentCache full:https://registry.npmjs.org/content-type set size:26824 disposed:false
946 silly fetch manifest ms@2.0.0
947 silly packumentCache full:https://registry.npmjs.org/ms cache-miss
948 http cache https://registry.npmjs.org/ms 5ms (cache hit)
949 silly packumentCache full:https://registry.npmjs.org/ms set size:92208 disposed:false
950 silly fetch manifest statuses@~2.0.2
951 silly packumentCache full:https://registry.npmjs.org/statuses cache-miss
952 http cache https://registry.npmjs.org/statuses 9ms (cache hit)
953 silly packumentCache full:https://registry.npmjs.org/statuses set size:37117 disposed:false
954 silly fetch manifest inherits@~2.0.4
955 silly packumentCache full:https://registry.npmjs.org/inherits cache-miss
956 http fetch GET 200 https://registry.npmjs.org/iconv-lite 204ms (cache miss)
957 silly packumentCache full:https://registry.npmjs.org/iconv-lite set size:undefined disposed:false
958 silly fetch manifest setprototypeof@~1.2.0
959 silly packumentCache full:https://registry.npmjs.org/setprototypeof cache-miss
960 http cache https://registry.npmjs.org/setprototypeof 8ms (cache hit)
961 silly packumentCache full:https://registry.npmjs.org/setprototypeof set size:14532 disposed:false
962 silly fetch manifest toidentifier@~1.0.1
963 silly packumentCache full:https://registry.npmjs.org/toidentifier cache-miss
964 http fetch GET 200 https://registry.npmjs.org/inherits 105ms (cache miss)
965 silly packumentCache full:https://registry.npmjs.org/inherits set size:undefined disposed:false
966 silly fetch manifest ee-first@1.1.1
967 silly packumentCache full:https://registry.npmjs.org/ee-first cache-miss
968 http fetch GET 200 https://registry.npmjs.org/toidentifier 188ms (cache miss)
969 silly packumentCache full:https://registry.npmjs.org/toidentifier set size:undefined disposed:false
970 silly fetch manifest forwarded@0.2.0
971 silly packumentCache full:https://registry.npmjs.org/forwarded cache-miss
972 http fetch GET 200 https://registry.npmjs.org/raw-body 493ms (cache miss)
973 silly packumentCache full:https://registry.npmjs.org/raw-body set size:undefined disposed:false
974 silly fetch manifest ipaddr.js@1.9.1
975 silly packumentCache full:https://registry.npmjs.org/ipaddr.js cache-miss
976 http fetch GET 200 https://registry.npmjs.org/forwarded 193ms (cache miss)
977 silly packumentCache full:https://registry.npmjs.org/forwarded set size:undefined disposed:false
978 silly fetch manifest side-channel@^1.1.1
979 silly packumentCache full:https://registry.npmjs.org/side-channel cache-miss
980 http fetch GET 200 https://registry.npmjs.org/ee-first 362ms (cache miss)
981 silly packumentCache full:https://registry.npmjs.org/ee-first set size:undefined disposed:false
982 silly fetch manifest es-define-property@^1.0.1
983 silly packumentCache full:https://registry.npmjs.org/es-define-property cache-miss
984 http fetch GET 200 https://registry.npmjs.org/side-channel 381ms (cache miss)
985 silly packumentCache full:https://registry.npmjs.org/side-channel set size:undefined disposed:false
986 silly fetch manifest mime@1.6.0
987 silly packumentCache full:https://registry.npmjs.org/mime cache-miss
988 http fetch GET 200 https://registry.npmjs.org/es-define-property 367ms (cache miss)
989 silly packumentCache full:https://registry.npmjs.org/es-define-property set size:undefined disposed:false
990 silly fetch manifest destroy@1.2.0
991 silly packumentCache full:https://registry.npmjs.org/destroy cache-miss
992 http fetch GET 200 https://registry.npmjs.org/ipaddr.js 525ms (cache miss)
993 silly packumentCache full:https://registry.npmjs.org/ipaddr.js set size:undefined disposed:false
994 silly fetch manifest mime-types@~2.1.24
995 silly packumentCache full:https://registry.npmjs.org/mime-types cache-miss
996 http cache https://registry.npmjs.org/destroy 50ms (cache hit)
997 silly packumentCache full:https://registry.npmjs.org/destroy set size:15738 disposed:false
998 silly fetch manifest media-typer@0.3.0
999 silly packumentCache full:https://registry.npmjs.org/media-typer cache-miss
1000 http cache https://registry.npmjs.org/mime-types 51ms (cache hit)
1001 silly packumentCache full:https://registry.npmjs.org/mime-types set size:139110 disposed:false
1002 http fetch GET 200 https://registry.npmjs.org/media-typer 385ms (cache miss)
1003 silly packumentCache full:https://registry.npmjs.org/media-typer set size:undefined disposed:false
1004 http fetch GET 200 https://registry.npmjs.org/mime 557ms (cache miss)
1005 silly packumentCache full:https://registry.npmjs.org/mime set size:undefined disposed:false
1006 silly placeDep ROOT mime-types@2.1.35 OK for: accepts@1.3.8 want: ~2.1.34
1007 silly placeDep ROOT negotiator@0.6.3 OK for: accepts@1.3.8 want: 0.6.3
1008 silly fetch manifest mime-db@1.52.0
1009 silly packumentCache full:https://registry.npmjs.org/mime-db cache-miss
1010 http fetch GET 200 https://registry.npmjs.org/mime-db 463ms (cache miss)
1011 silly packumentCache full:https://registry.npmjs.org/mime-db set size:undefined disposed:false
1012 silly placeDep ROOT bytes@3.1.2 OK for: body-parser@1.20.8 want: ~3.1.2
1013 silly placeDep node_modules/body-parser debug@2.6.9 OK for: body-parser@1.20.8 want: 2.6.9
1014 silly placeDep ROOT destroy@1.2.0 OK for: body-parser@1.20.8 want: ~1.2.0
1015 silly placeDep ROOT iconv-lite@0.4.24 OK for: body-parser@1.20.8 want: ~0.4.24
1016 silly placeDep node_modules/body-parser qs@6.16.0 OK for: body-parser@1.20.8 want: ~6.16.0
1017 silly placeDep ROOT raw-body@2.5.3 OK for: body-parser@1.20.8 want: ~2.5.3
1018 silly placeDep ROOT unpipe@1.0.0 OK for: body-parser@1.20.8 want: ~1.0.0
1019 silly fetch manifest safer-buffer@>= 2.1.2 < 3
1020 silly packumentCache full:https://registry.npmjs.org/safer-buffer cache-miss
1021 http fetch GET 200 https://registry.npmjs.org/safer-buffer 205ms (cache miss)
1022 silly packumentCache full:https://registry.npmjs.org/safer-buffer set size:undefined disposed:false
1023 silly placeDep node_modules/finalhandler debug@2.6.9 OK for: finalhandler@1.3.2 want: 2.6.9
1024 silly placeDep ROOT inherits@2.0.4 OK for: http-errors@2.0.1 want: ~2.0.4
1025 silly placeDep ROOT toidentifier@1.0.1 OK for: http-errors@2.0.1 want: ~1.0.1
1026 silly placeDep ROOT safer-buffer@2.1.2 OK for: iconv-lite@0.4.24 want: >= 2.1.2 < 3
1027 silly placeDep ROOT yallist@3.1.1 OK for: lru-cache@5.1.1 want: ^3.0.2
1028 silly placeDep ROOT mime-db@1.52.0 OK for: mime-types@2.1.35 want: 1.52.0
1029 silly placeDep ROOT uuid@8.3.2 OK for: node-cron@3.0.3 want: 8.3.2
1030 silly placeDep ROOT chokidar@3.6.0 OK for: nodemon@3.1.14 want: ^3.5.2
1031 silly placeDep ROOT ignore-by-default@1.0.1 OK for: nodemon@3.1.14 want: ^1.0.1
1032 silly placeDep ROOT minimatch@10.2.6 OK for: nodemon@3.1.14 want: ^10.2.1
1033 silly placeDep ROOT pstree.remy@1.1.8 OK for: nodemon@3.1.14 want: ^1.1.8
1034 silly placeDep node_modules/nodemon semver@7.8.5 OK for: nodemon@3.1.14 want: ^7.5.3
1035 silly placeDep ROOT simple-update-notifier@2.0.0 OK for: nodemon@3.1.14 want: ^2.0.0
1036 silly placeDep ROOT supports-color@5.5.0 OK for: nodemon@3.1.14 want: ^5.5.0
1037 silly placeDep ROOT touch@3.1.1 OK for: nodemon@3.1.14 want: ^3.1.0
1038 silly placeDep ROOT undefsafe@2.0.5 OK for: nodemon@3.1.14 want: ^2.0.5
1039 silly fetch manifest braces@~3.0.2
1040 silly packumentCache full:https://registry.npmjs.org/braces cache-miss
1041 silly fetch manifest is-glob@~4.0.1
1042 silly packumentCache full:https://registry.npmjs.org/is-glob cache-miss
1043 silly fetch manifest anymatch@~3.1.2
1044 silly packumentCache full:https://registry.npmjs.org/anymatch cache-miss
1045 http cache https://registry.npmjs.org/is-glob 6ms (cache hit)
1046 silly packumentCache full:https://registry.npmjs.org/is-glob set size:40530 disposed:false
1047 silly fetch manifest readdirp@~3.6.0
1048 silly packumentCache full:https://registry.npmjs.org/readdirp cache-miss
1049 http fetch GET 200 https://registry.npmjs.org/readdirp 208ms (cache miss)
1050 silly packumentCache full:https://registry.npmjs.org/readdirp set size:undefined disposed:false
1051 silly fetch manifest glob-parent@~5.1.2
1052 silly packumentCache full:https://registry.npmjs.org/glob-parent cache-miss
1053 http cache https://registry.npmjs.org/glob-parent 4ms (cache hit)
1054 silly packumentCache full:https://registry.npmjs.org/glob-parent set size:42445 disposed:false
1055 silly fetch manifest is-binary-path@~2.1.0
1056 silly packumentCache full:https://registry.npmjs.org/is-binary-path cache-miss
1057 http fetch GET 200 https://registry.npmjs.org/anymatch 405ms (cache miss)
1058 silly packumentCache full:https://registry.npmjs.org/anymatch set size:undefined disposed:false
1059 silly fetch manifest normalize-path@~3.0.0
1060 silly packumentCache full:https://registry.npmjs.org/normalize-path cache-miss
1061 http fetch GET 200 https://registry.npmjs.org/is-binary-path 181ms (cache miss)
1062 silly packumentCache full:https://registry.npmjs.org/is-binary-path set size:undefined disposed:false
1063 silly fetch manifest fsevents@~2.3.2
1064 silly packumentCache full:https://registry.npmjs.org/fsevents cache-miss
1065 http cache https://registry.npmjs.org/normalize-path 6ms (cache hit)
1066 silly packumentCache full:https://registry.npmjs.org/normalize-path set size:28713 disposed:false
1067 silly fetch manifest brace-expansion@^5.0.8
1068 silly packumentCache full:https://registry.npmjs.org/brace-expansion cache-miss
1069 http cache https://registry.npmjs.org/fsevents 8ms (cache hit)
1070 silly packumentCache full:https://registry.npmjs.org/fsevents set size:182472 disposed:false
1071 silly fetch manifest has-flag@^3.0.0
1072 silly packumentCache full:https://registry.npmjs.org/has-flag cache-miss
1073 http fetch GET 200 https://registry.npmjs.org/braces 466ms (cache miss)
1074 silly packumentCache full:https://registry.npmjs.org/braces set size:undefined disposed:false
1075 http fetch GET 200 https://registry.npmjs.org/has-flag 364ms (cache miss)
1076 silly packumentCache full:https://registry.npmjs.org/has-flag set size:undefined disposed:false
1077 http fetch GET 200 https://registry.npmjs.org/brace-expansion 375ms (cache miss)
1078 silly packumentCache full:https://registry.npmjs.org/brace-expansion set size:undefined disposed:false
1079 silly placeDep ROOT anymatch@3.1.3 OK for: chokidar@3.6.0 want: ~3.1.2
1080 silly placeDep ROOT braces@3.0.3 OK for: chokidar@3.6.0 want: ~3.0.2
1081 silly placeDep ROOT fsevents@2.3.3 OK for: chokidar@3.6.0 want: ~2.3.2
1082 silly placeDep ROOT glob-parent@5.1.2 OK for: chokidar@3.6.0 want: ~5.1.2
1083 silly placeDep ROOT is-binary-path@2.1.0 OK for: chokidar@3.6.0 want: ~2.1.0
1084 silly placeDep ROOT is-glob@4.0.3 OK for: chokidar@3.6.0 want: ~4.0.1
1085 silly placeDep ROOT normalize-path@3.0.0 OK for: chokidar@3.6.0 want: ~3.0.0
1086 silly placeDep ROOT readdirp@3.6.0 OK for: chokidar@3.6.0 want: ~3.6.0
1087 silly fetch manifest picomatch@^2.0.4
1088 silly packumentCache full:https://registry.npmjs.org/picomatch cache-miss
1089 silly fetch manifest fill-range@^7.1.1
1090 silly packumentCache full:https://registry.npmjs.org/fill-range cache-miss
1091 silly fetch manifest is-glob@^4.0.1
1092 silly packumentCache full:https://registry.npmjs.org/is-glob cache-hit
1093 silly fetch manifest binary-extensions@^2.0.0
1094 silly packumentCache full:https://registry.npmjs.org/binary-extensions cache-miss
1095 http cache https://registry.npmjs.org/picomatch 11ms (cache hit)
1096 silly packumentCache full:https://registry.npmjs.org/picomatch set size:134451 disposed:false
1097 silly fetch manifest is-extglob@^2.1.1
1098 silly packumentCache full:https://registry.npmjs.org/is-extglob cache-miss
1099 http fetch GET 200 https://registry.npmjs.org/binary-extensions 183ms (cache miss)
1100 silly packumentCache full:https://registry.npmjs.org/binary-extensions set size:undefined disposed:false
1101 silly fetch manifest picomatch@^2.2.1
1102 silly packumentCache full:https://registry.npmjs.org/picomatch cache-hit
1103 http fetch GET 200 https://registry.npmjs.org/is-extglob 367ms (cache miss)
1104 silly packumentCache full:https://registry.npmjs.org/is-extglob set size:undefined disposed:false
1105 http fetch GET 200 https://registry.npmjs.org/fill-range 404ms (cache miss)
1106 silly packumentCache full:https://registry.npmjs.org/fill-range set size:undefined disposed:false
1107 silly placeDep ROOT picomatch@2.3.2 OK for: anymatch@3.1.3 want: ^2.0.4
1108 silly placeDep ROOT fill-range@7.1.1 OK for: braces@3.0.3 want: ^7.1.1
1109 silly fetch manifest to-regex-range@^5.0.1
1110 silly packumentCache full:https://registry.npmjs.org/to-regex-range cache-miss
1111 http fetch GET 200 https://registry.npmjs.org/to-regex-range 201ms (cache miss)
1112 silly packumentCache full:https://registry.npmjs.org/to-regex-range set size:undefined disposed:false
1113 silly placeDep ROOT to-regex-range@5.0.1 OK for: fill-range@7.1.1 want: ^5.0.1
1114 silly fetch manifest is-number@^7.0.0
1115 silly packumentCache full:https://registry.npmjs.org/is-number cache-miss
1116 http fetch GET 200 https://registry.npmjs.org/is-number 368ms (cache miss)
1117 silly packumentCache full:https://registry.npmjs.org/is-number set size:undefined disposed:false
1118 silly placeDep ROOT binary-extensions@2.3.0 OK for: is-binary-path@2.1.0 want: ^2.0.0
1119 silly placeDep ROOT is-extglob@2.1.1 OK for: is-glob@4.0.3 want: ^2.1.1
1120 silly placeDep ROOT brace-expansion@5.0.9 OK for: minimatch@10.2.6 want: ^5.0.8
1121 silly fetch manifest balanced-match@^4.0.2
1122 silly packumentCache full:https://registry.npmjs.org/balanced-match cache-miss
1123 http fetch GET 200 https://registry.npmjs.org/balanced-match 426ms (cache miss)
1124 silly packumentCache full:https://registry.npmjs.org/balanced-match set size:undefined disposed:false
1125 silly placeDep ROOT balanced-match@4.0.4 OK for: brace-expansion@5.0.9 want: ^4.0.2
1126 silly placeDep ROOT ee-first@1.1.1 OK for: on-finished@2.4.1 want: 1.1.1
1127 silly placeDep ROOT nanoid@3.3.19 OK for: postcss@8.5.28 want: ^3.3.18
1128 silly placeDep ROOT source-map-js@1.2.1 OK for: postcss@8.5.28 want: ^1.2.1
1129 silly placeDep ROOT detect-libc@2.1.2 OK for: prebuild-install@7.1.3 want: ^2.0.0
1130 silly placeDep ROOT expand-template@2.0.3 OK for: prebuild-install@7.1.3 want: ^2.0.3
1131 silly placeDep ROOT github-from-package@0.0.0 OK for: prebuild-install@7.1.3 want: 0.0.0
1132 silly placeDep ROOT minimist@1.2.8 OK for: prebuild-install@7.1.3 want: ^1.2.3
1133 silly placeDep ROOT mkdirp-classic@0.5.3 OK for: prebuild-install@7.1.3 want: ^0.5.3
1134 silly placeDep ROOT napi-build-utils@2.0.0 OK for: prebuild-install@7.1.3 want: ^2.0.0
1135 silly placeDep ROOT node-abi@3.96.0 OK for: prebuild-install@7.1.3 want: ^3.3.0
1136 silly placeDep ROOT pump@3.0.4 OK for: prebuild-install@7.1.3 want: ^3.0.0
1137 silly placeDep ROOT rc@1.2.8 OK for: prebuild-install@7.1.3 want: ^1.2.7
1138 silly placeDep ROOT simple-get@4.0.1 OK for: prebuild-install@7.1.3 want: ^4.0.0
1139 silly placeDep ROOT tar-fs@2.1.5 OK for: prebuild-install@7.1.3 want: ^2.0.0
1140 silly placeDep ROOT tunnel-agent@0.6.0 OK for: prebuild-install@7.1.3 want: ^0.6.0
1141 silly fetch manifest semver@^7.3.5
1142 silly packumentCache full:https://registry.npmjs.org/semver cache-hit
1143 silly fetch manifest end-of-stream@^1.1.0
1144 silly packumentCache full:https://registry.npmjs.org/end-of-stream cache-miss
1145 silly fetch manifest once@^1.3.1
1146 silly packumentCache full:https://registry.npmjs.org/once cache-miss
1147 silly fetch manifest ini@~1.3.0
1148 silly packumentCache full:https://registry.npmjs.org/ini cache-miss
1149 http fetch GET 200 https://registry.npmjs.org/once 131ms (cache miss)
1150 silly packumentCache full:https://registry.npmjs.org/once set size:undefined disposed:false
1151 silly fetch manifest deep-extend@^0.6.0
1152 silly packumentCache full:https://registry.npmjs.org/deep-extend cache-miss
1153 http fetch GET 200 https://registry.npmjs.org/end-of-stream 203ms (cache miss)
1154 silly packumentCache full:https://registry.npmjs.org/end-of-stream set size:undefined disposed:false
1155 silly fetch manifest strip-json-comments@~2.0.1
1156 silly packumentCache full:https://registry.npmjs.org/strip-json-comments cache-miss
1157 http fetch GET 200 https://registry.npmjs.org/strip-json-comments 189ms (cache miss)
1158 silly packumentCache full:https://registry.npmjs.org/strip-json-comments set size:undefined disposed:false
1159 silly fetch manifest decompress-response@^6.0.0
1160 silly packumentCache full:https://registry.npmjs.org/decompress-response cache-miss
1161 http fetch GET 200 https://registry.npmjs.org/ini 415ms (cache miss)
1162 silly packumentCache full:https://registry.npmjs.org/ini set size:undefined disposed:false
1163 silly fetch manifest simple-concat@^1.0.0
1164 silly packumentCache full:https://registry.npmjs.org/simple-concat cache-miss
1165 http fetch GET 200 https://registry.npmjs.org/deep-extend 358ms (cache miss)
1166 silly packumentCache full:https://registry.npmjs.org/deep-extend set size:undefined disposed:false
1167 silly fetch manifest chownr@^1.1.1
1168 silly packumentCache full:https://registry.npmjs.org/chownr cache-miss
1169 http fetch GET 200 https://registry.npmjs.org/decompress-response 195ms (cache miss)
1170 silly packumentCache full:https://registry.npmjs.org/decompress-response set size:undefined disposed:false
1171 silly fetch manifest tar-stream@^2.1.4
1172 silly packumentCache full:https://registry.npmjs.org/tar-stream cache-miss
1173 http fetch GET 200 https://registry.npmjs.org/simple-concat 682ms (cache miss)
1174 silly packumentCache full:https://registry.npmjs.org/simple-concat set size:undefined disposed:false
1175 http fetch GET 200 https://registry.npmjs.org/chownr 612ms (cache miss)
1176 silly packumentCache full:https://registry.npmjs.org/chownr set size:undefined disposed:false
1177 http fetch GET 200 https://registry.npmjs.org/tar-stream 510ms (cache miss)
1178 silly packumentCache full:https://registry.npmjs.org/tar-stream set size:undefined disposed:false
1179 silly placeDep node_modules/node-abi semver@7.8.5 OK for: node-abi@3.96.0 want: ^7.3.5
1180 silly placeDep ROOT forwarded@0.2.0 OK for: proxy-addr@2.0.7 want: 0.2.0
1181 silly placeDep ROOT ipaddr.js@1.9.1 OK for: proxy-addr@2.0.7 want: 1.9.1
1182 silly placeDep ROOT end-of-stream@1.4.5 OK for: pump@3.0.4 want: ^1.1.0
1183 silly placeDep ROOT once@1.4.0 OK for: pump@3.0.4 want: ^1.3.1
1184 silly fetch manifest once@^1.4.0
1185 silly packumentCache full:https://registry.npmjs.org/once cache-miss
1186 silly fetch manifest wrappy@1
1187 silly packumentCache full:https://registry.npmjs.org/wrappy cache-miss
1188 http cache https://registry.npmjs.org/once 7ms (cache hit)
1189 silly packumentCache full:https://registry.npmjs.org/once set size:11752 disposed:false
1190 http fetch GET 200 https://registry.npmjs.org/wrappy 244ms (cache miss)
1191 silly packumentCache full:https://registry.npmjs.org/wrappy set size:undefined disposed:false
1192 silly placeDep ROOT wrappy@1.0.2 OK for: once@1.4.0 want: 1
1193 silly placeDep ROOT es-define-property@1.0.1 OK for: qs@6.15.3 want: ^1.0.1
1194 silly placeDep ROOT side-channel@1.1.1 OK for: qs@6.15.3 want: ^1.1.1
1195 silly fetch manifest es-errors@^1.3.0
1196 silly packumentCache full:https://registry.npmjs.org/es-errors cache-miss
1197 silly fetch manifest object-inspect@^1.13.4
1198 silly packumentCache full:https://registry.npmjs.org/object-inspect cache-miss
1199 silly fetch manifest side-channel-list@^1.0.1
1200 silly packumentCache full:https://registry.npmjs.org/side-channel-list cache-miss
1201 http fetch GET 200 https://registry.npmjs.org/side-channel-list 345ms (cache miss)
1202 silly packumentCache full:https://registry.npmjs.org/side-channel-list set size:undefined disposed:false
1203 silly fetch manifest side-channel-map@^1.0.1
1204 silly packumentCache full:https://registry.npmjs.org/side-channel-map cache-miss
1205 http fetch GET 200 https://registry.npmjs.org/es-errors 352ms (cache miss)
1206 silly packumentCache full:https://registry.npmjs.org/es-errors set size:undefined disposed:false
1207 silly fetch manifest side-channel-weakmap@^1.0.2
1208 silly packumentCache full:https://registry.npmjs.org/side-channel-weakmap cache-miss
1209 http fetch GET 200 https://registry.npmjs.org/object-inspect 353ms (cache miss)
1210 silly packumentCache full:https://registry.npmjs.org/object-inspect set size:undefined disposed:false
1211 http fetch GET 200 https://registry.npmjs.org/side-channel-weakmap 189ms (cache miss)
1212 silly packumentCache full:https://registry.npmjs.org/side-channel-weakmap set size:undefined disposed:false
1213 http fetch GET 200 https://registry.npmjs.org/side-channel-map 471ms (cache miss)
1214 silly packumentCache full:https://registry.npmjs.org/side-channel-map set size:undefined disposed:false
1215 silly placeDep ROOT deep-extend@0.6.0 OK for: rc@1.2.8 want: ^0.6.0
1216 silly placeDep ROOT ini@1.3.8 OK for: rc@1.2.8 want: ~1.3.0
1217 silly placeDep ROOT strip-json-comments@2.0.1 OK for: rc@1.2.8 want: ~2.0.1
1218 silly placeDep ROOT scheduler@0.28.0 OK for: react-dom@19.3.0 want: ^0.28.0
1219 silly fetch manifest react@^16.0.0 || ^17.0.0 || ^18.0.0 || ^19.0.0
1220 silly packumentCache full:https://registry.npmjs.org/react cache-miss
1221 http cache https://registry.npmjs.org/react 52ms (cache hit)
1222 silly packumentCache full:https://registry.npmjs.org/react set size:6977664 disposed:false
1223 silly fetch manifest react-dom@^16.0.0 || ^17.0.0 || ^18.0.0 || ^19.0.0
1224 silly packumentCache full:https://registry.npmjs.org/react-dom cache-miss
1225 http cache https://registry.npmjs.org/react-dom 66ms (cache hit)
1226 silly packumentCache full:https://registry.npmjs.org/react-dom set size:9393989 disposed:false
1227 silly placeDep ROOT eventemitter3@4.0.7 OK for: recharts@2.15.4 want: ^4.0.1
1228 silly placeDep ROOT lodash@4.18.1 OK for: recharts@2.15.4 want: ^4.17.21
1229 silly placeDep ROOT react-is@18.3.1 OK for: recharts@2.15.4 want: ^18.3.1
1230 silly placeDep ROOT react-smooth@4.0.4 OK for: recharts@2.15.4 want: ^4.0.4
1231 silly placeDep ROOT recharts-scale@0.4.5 OK for: recharts@2.15.4 want: ^0.4.4
1232 silly placeDep ROOT tiny-invariant@1.3.3 OK for: recharts@2.15.4 want: ^1.3.1
1233 silly placeDep ROOT victory-vendor@36.9.2 OK for: recharts@2.15.4 want: ^36.6.8
1234 silly fetch manifest fast-equals@^5.0.1
1235 silly packumentCache full:https://registry.npmjs.org/fast-equals cache-miss
1236 silly fetch manifest prop-types@^15.8.1
1237 silly packumentCache full:https://registry.npmjs.org/prop-types cache-miss
1238 silly fetch manifest react-transition-group@^4.4.5
1239 silly packumentCache full:https://registry.npmjs.org/react-transition-group cache-miss
1240 http fetch GET 200 https://registry.npmjs.org/prop-types 207ms (cache miss)
1241 silly packumentCache full:https://registry.npmjs.org/prop-types set size:undefined disposed:false
1242 silly fetch manifest decimal.js-light@^2.4.1
1243 silly packumentCache full:https://registry.npmjs.org/decimal.js-light cache-miss
1244 http fetch GET 200 https://registry.npmjs.org/decimal.js-light 347ms (cache miss)
1245 silly packumentCache full:https://registry.npmjs.org/decimal.js-light set size:undefined disposed:false
1246 silly fetch manifest d3-ease@^3.0.1
1247 silly packumentCache full:https://registry.npmjs.org/d3-ease cache-miss
1248 http fetch GET 200 https://registry.npmjs.org/react-transition-group 561ms (cache miss)
1249 silly packumentCache full:https://registry.npmjs.org/react-transition-group set size:undefined disposed:false
1250 silly fetch manifest d3-time@^3.0.0
1251 silly packumentCache full:https://registry.npmjs.org/d3-time cache-miss
1252 http fetch GET 200 https://registry.npmjs.org/d3-ease 212ms (cache miss)
1253 silly packumentCache full:https://registry.npmjs.org/d3-ease set size:undefined disposed:false
1254 silly fetch manifest d3-array@^3.1.6
1255 silly packumentCache full:https://registry.npmjs.org/d3-array cache-miss
1256 http fetch GET 200 https://registry.npmjs.org/d3-time 405ms (cache miss)
1257 silly packumentCache full:https://registry.npmjs.org/d3-time set size:undefined disposed:false
1258 silly fetch manifest d3-scale@^4.0.2
1259 silly packumentCache full:https://registry.npmjs.org/d3-scale cache-miss
1260 http fetch GET 200 https://registry.npmjs.org/fast-equals 1071ms (cache miss)
1261 silly packumentCache full:https://registry.npmjs.org/fast-equals set size:undefined disposed:false
1262 silly fetch manifest d3-shape@^3.1.0
1263 silly packumentCache full:https://registry.npmjs.org/d3-shape cache-miss
1264 http fetch GET 200 https://registry.npmjs.org/d3-array 621ms (cache miss)
1265 silly packumentCache full:https://registry.npmjs.org/d3-array set size:undefined disposed:false
1266 silly fetch manifest d3-timer@^3.0.1
1267 silly packumentCache full:https://registry.npmjs.org/d3-timer cache-miss
1268 http fetch GET 200 https://registry.npmjs.org/d3-scale 458ms (cache miss)
1269 silly packumentCache full:https://registry.npmjs.org/d3-scale set size:undefined disposed:false
1270 silly fetch manifest @types/d3-ease@^3.0.0
1271 silly packumentCache full:https://registry.npmjs.org/@types%2fd3-ease cache-miss
1272 http fetch GET 200 https://registry.npmjs.org/d3-timer 420ms (cache miss)
1273 silly packumentCache full:https://registry.npmjs.org/d3-timer set size:undefined disposed:false
1274 silly fetch manifest @types/d3-time@^3.0.0
1275 silly packumentCache full:https://registry.npmjs.org/@types%2fd3-time cache-miss
1276 http fetch GET 200 https://registry.npmjs.org/@types%2fd3-time 190ms (cache miss)
1277 silly packumentCache full:https://registry.npmjs.org/@types%2fd3-time set size:undefined disposed:false
1278 silly fetch manifest d3-interpolate@^3.0.1
1279 silly packumentCache full:https://registry.npmjs.org/d3-interpolate cache-miss
1280 http fetch GET 200 https://registry.npmjs.org/d3-shape 1020ms (cache miss)
1281 silly packumentCache full:https://registry.npmjs.org/d3-shape set size:undefined disposed:false
1282 silly fetch manifest @types/d3-array@^3.0.3
1283 silly packumentCache full:https://registry.npmjs.org/@types%2fd3-array cache-miss
1284 http fetch GET 200 https://registry.npmjs.org/@types%2fd3-ease 953ms (cache miss)
1285 silly packumentCache full:https://registry.npmjs.org/@types%2fd3-ease set size:undefined disposed:false
1286 silly fetch manifest @types/d3-scale@^4.0.2
1287 silly packumentCache full:https://registry.npmjs.org/@types%2fd3-scale cache-miss
1288 http fetch GET 200 https://registry.npmjs.org/d3-interpolate 379ms (cache miss)
1289 silly packumentCache full:https://registry.npmjs.org/d3-interpolate set size:undefined disposed:false
1290 silly fetch manifest @types/d3-shape@^3.1.0
1291 silly packumentCache full:https://registry.npmjs.org/@types%2fd3-shape cache-miss
1292 http fetch GET 200 https://registry.npmjs.org/@types%2fd3-array 571ms (cache miss)
1293 silly packumentCache full:https://registry.npmjs.org/@types%2fd3-array set size:undefined disposed:false
1294 silly fetch manifest @types/d3-timer@^3.0.0
1295 silly packumentCache full:https://registry.npmjs.org/@types%2fd3-timer cache-miss
1296 http fetch GET 200 https://registry.npmjs.org/@types%2fd3-shape 420ms (cache miss)
1297 silly packumentCache full:https://registry.npmjs.org/@types%2fd3-shape set size:undefined disposed:false
1298 silly fetch manifest @types/d3-interpolate@^3.0.1
1299 silly packumentCache full:https://registry.npmjs.org/@types%2fd3-interpolate cache-miss
1300 http fetch GET 200 https://registry.npmjs.org/@types%2fd3-timer 533ms (cache miss)
1301 silly packumentCache full:https://registry.npmjs.org/@types%2fd3-timer set size:undefined disposed:false
1302 http fetch GET 200 https://registry.npmjs.org/@types%2fd3-scale 875ms (cache miss)
1303 silly packumentCache full:https://registry.npmjs.org/@types%2fd3-scale set size:undefined disposed:false
1304 http fetch GET 200 https://registry.npmjs.org/@types%2fd3-interpolate 456ms (cache miss)
1305 silly packumentCache full:https://registry.npmjs.org/@types%2fd3-interpolate set size:undefined disposed:false
1306 silly fetch manifest react@^16.8.0 || ^17.0.0 || ^18.0.0 || ^19.0.0
1307 silly packumentCache full:https://registry.npmjs.org/react cache-miss
1308 http cache https://registry.npmjs.org/react 30ms (cache hit)
1309 silly packumentCache full:https://registry.npmjs.org/react set size:6977664 disposed:false
1310 silly fetch manifest react-dom@^16.8.0 || ^17.0.0 || ^18.0.0 || ^19.0.0
1311 silly packumentCache full:https://registry.npmjs.org/react-dom cache-miss
1312 http cache https://registry.npmjs.org/react-dom 78ms (cache hit)
1313 silly packumentCache full:https://registry.npmjs.org/react-dom set size:9393989 disposed:false
1314 silly placeDep ROOT fast-equals@5.4.2 OK for: react-smooth@4.0.4 want: ^5.0.1
1315 silly placeDep ROOT prop-types@15.8.1 OK for: react-smooth@4.0.4 want: ^15.8.1
1316 silly placeDep ROOT react-transition-group@4.4.5 OK for: react-smooth@4.0.4 want: ^4.4.5
1317 silly fetch manifest loose-envify@^1.4.0
1318 silly packumentCache full:https://registry.npmjs.org/loose-envify cache-miss
1319 silly fetch manifest react-is@^16.13.1
1320 silly packumentCache full:https://registry.npmjs.org/react-is cache-miss
1321 silly fetch manifest @babel/runtime@^7.5.5
1322 silly packumentCache full:https://registry.npmjs.org/@babel%2fruntime cache-miss
1323 http cache https://registry.npmjs.org/react-is 68ms (cache hit)
1324 silly packumentCache full:https://registry.npmjs.org/react-is set size:5647402 disposed:false
1325 silly fetch manifest dom-helpers@^5.0.1
1326 silly packumentCache full:https://registry.npmjs.org/dom-helpers cache-miss
1327 http fetch GET 200 https://registry.npmjs.org/loose-envify 328ms (cache miss)
1328 silly packumentCache full:https://registry.npmjs.org/loose-envify set size:undefined disposed:false
1329 http fetch GET 200 https://registry.npmjs.org/@babel%2fruntime 423ms (cache miss)
1330 silly packumentCache full:https://registry.npmjs.org/@babel%2fruntime set size:undefined disposed:false
1331 http fetch GET 200 https://registry.npmjs.org/dom-helpers 484ms (cache miss)
1332 silly packumentCache full:https://registry.npmjs.org/dom-helpers set size:undefined disposed:false
1333 silly placeDep ROOT loose-envify@1.4.0 OK for: prop-types@15.8.1 want: ^1.4.0
1334 silly placeDep node_modules/prop-types react-is@16.13.1 OK for: prop-types@15.8.1 want: ^16.13.1
1335 silly placeDep ROOT @babel/runtime@7.29.7 OK for: react-transition-group@4.4.5 want: ^7.5.5
1336 silly placeDep ROOT dom-helpers@5.2.1 OK for: react-transition-group@4.4.5 want: ^5.0.1
1337 silly fetch manifest csstype@^3.0.2
1338 silly packumentCache full:https://registry.npmjs.org/csstype cache-miss
1339 http fetch GET 200 https://registry.npmjs.org/csstype 1514ms (cache miss)
1340 silly packumentCache full:https://registry.npmjs.org/csstype set size:undefined disposed:false
1341 silly placeDep ROOT csstype@3.2.3 OK for: dom-helpers@5.2.1 want: ^3.0.2
1342 silly placeDep ROOT decimal.js-light@2.5.1 OK for: recharts-scale@0.4.5 want: ^2.4.1
1343 silly placeDep node_modules/send debug@2.6.9 OK for: send@0.19.2 want: 2.6.9
1344 silly placeDep ROOT mime@1.6.0 OK for: send@0.19.2 want: 1.6.0
1345 silly placeDep ROOT es-errors@1.3.0 OK for: side-channel@1.1.1 want: ^1.3.0
1346 silly placeDep ROOT object-inspect@1.13.4 OK for: side-channel@1.1.1 want: ^1.13.4
1347 silly placeDep ROOT side-channel-list@1.0.1 OK for: side-channel@1.1.1 want: ^1.0.1
1348 silly placeDep ROOT side-channel-map@1.0.1 OK for: side-channel@1.1.1 want: ^1.0.1
1349 silly placeDep ROOT side-channel-weakmap@1.0.2 OK for: side-channel@1.1.1 want: ^1.0.2
1350 silly fetch manifest call-bound@^1.0.2
1351 silly packumentCache full:https://registry.npmjs.org/call-bound cache-miss
1352 silly fetch manifest get-intrinsic@^1.2.5
1353 silly packumentCache full:https://registry.npmjs.org/get-intrinsic cache-miss
1354 silly fetch manifest call-bound@^1.0.2
1355 silly packumentCache full:https://registry.npmjs.org/call-bound cache-miss
1356 http fetch GET 200 https://registry.npmjs.org/call-bound 482ms (cache miss)
1357 silly packumentCache full:https://registry.npmjs.org/call-bound set size:undefined disposed:false
1358 silly fetch manifest get-intrinsic@^1.2.5
1359 silly packumentCache full:https://registry.npmjs.org/get-intrinsic cache-miss
1360 http fetch GET 200 https://registry.npmjs.org/call-bound 485ms (cache miss)
1361 silly packumentCache full:https://registry.npmjs.org/call-bound set size:undefined disposed:false
1362 http fetch GET 200 https://registry.npmjs.org/get-intrinsic 487ms (cache miss)
1363 silly packumentCache full:https://registry.npmjs.org/get-intrinsic set size:undefined disposed:false
1364 http fetch GET 200 https://registry.npmjs.org/get-intrinsic 415ms (cache miss)
1365 silly packumentCache full:https://registry.npmjs.org/get-intrinsic set size:undefined disposed:false
1366 silly placeDep ROOT call-bound@1.0.4 OK for: side-channel-map@1.0.1 want: ^1.0.2
1367 silly placeDep ROOT get-intrinsic@1.3.0 OK for: side-channel-map@1.0.1 want: ^1.2.5
1368 silly fetch manifest call-bind-apply-helpers@^1.0.2
1369 silly packumentCache full:https://registry.npmjs.org/call-bind-apply-helpers cache-miss
1370 silly fetch manifest get-intrinsic@^1.3.0
1371 silly packumentCache full:https://registry.npmjs.org/get-intrinsic cache-miss
1372 silly fetch manifest gopd@^1.2.0
1373 silly packumentCache full:https://registry.npmjs.org/gopd cache-miss
1374 http cache https://registry.npmjs.org/get-intrinsic 6ms (cache hit)
1375 silly packumentCache full:https://registry.npmjs.org/get-intrinsic set size:60985 disposed:false
1376 silly fetch manifest hasown@^2.0.2
1377 silly packumentCache full:https://registry.npmjs.org/hasown cache-miss
1378 http fetch GET 200 https://registry.npmjs.org/call-bind-apply-helpers 244ms (cache miss)
1379 silly packumentCache full:https://registry.npmjs.org/call-bind-apply-helpers set size:undefined disposed:false
1380 silly fetch manifest get-proto@^1.0.1
1381 silly packumentCache full:https://registry.npmjs.org/get-proto cache-miss
1382 http fetch GET 200 https://registry.npmjs.org/gopd 528ms (cache miss)
1383 silly packumentCache full:https://registry.npmjs.org/gopd set size:undefined disposed:false
1384 silly fetch manifest has-symbols@^1.1.0
1385 silly packumentCache full:https://registry.npmjs.org/has-symbols cache-miss
1386 http fetch GET 200 https://registry.npmjs.org/get-proto 288ms (cache miss)
1387 silly packumentCache full:https://registry.npmjs.org/get-proto set size:undefined disposed:false
1388 silly fetch manifest function-bind@^1.1.2
1389 silly packumentCache full:https://registry.npmjs.org/function-bind cache-miss
1390 http fetch GET 200 https://registry.npmjs.org/hasown 542ms (cache miss)
1391 silly packumentCache full:https://registry.npmjs.org/hasown set size:undefined disposed:false
1392 silly fetch manifest es-object-atoms@^1.1.1
1393 silly packumentCache full:https://registry.npmjs.org/es-object-atoms cache-miss
1394 http fetch GET 200 https://registry.npmjs.org/has-symbols 357ms (cache miss)
1395 silly packumentCache full:https://registry.npmjs.org/has-symbols set size:undefined disposed:false
1396 silly fetch manifest math-intrinsics@^1.1.0
1397 silly packumentCache full:https://registry.npmjs.org/math-intrinsics cache-miss
1398 http fetch GET 200 https://registry.npmjs.org/es-object-atoms 342ms (cache miss)
1399 silly packumentCache full:https://registry.npmjs.org/es-object-atoms set size:undefined disposed:false
1400 http fetch GET 200 https://registry.npmjs.org/math-intrinsics 113ms (cache miss)
1401 silly packumentCache full:https://registry.npmjs.org/math-intrinsics set size:undefined disposed:false
1402 http fetch GET 200 https://registry.npmjs.org/function-bind 1228ms (cache miss)
1403 silly packumentCache full:https://registry.npmjs.org/function-bind set size:undefined disposed:false
1404 silly placeDep ROOT call-bind-apply-helpers@1.0.2 OK for: call-bound@1.0.4 want: ^1.0.2
1405 silly placeDep ROOT function-bind@1.1.2 OK for: call-bind-apply-helpers@1.0.2 want: ^1.1.2
1406 silly placeDep ROOT es-object-atoms@1.1.2 OK for: get-intrinsic@1.3.0 want: ^1.1.1
1407 silly placeDep ROOT get-proto@1.0.1 OK for: get-intrinsic@1.3.0 want: ^1.0.1
1408 silly placeDep ROOT gopd@1.2.0 OK for: get-intrinsic@1.3.0 want: ^1.2.0
1409 silly placeDep ROOT has-symbols@1.1.0 OK for: get-intrinsic@1.3.0 want: ^1.1.0
1410 silly placeDep ROOT hasown@2.0.4 OK for: get-intrinsic@1.3.0 want: ^2.0.2
1411 silly placeDep ROOT math-intrinsics@1.1.0 OK for: get-intrinsic@1.3.0 want: ^1.1.0
1412 silly fetch manifest dunder-proto@^1.0.1
1413 silly packumentCache full:https://registry.npmjs.org/dunder-proto cache-miss
1414 http fetch GET 200 https://registry.npmjs.org/dunder-proto 189ms (cache miss)
1415 silly packumentCache full:https://registry.npmjs.org/dunder-proto set size:undefined disposed:false
1416 silly placeDep ROOT dunder-proto@1.0.1 OK for: get-proto@1.0.1 want: ^1.0.1
1417 silly placeDep ROOT decompress-response@6.0.0 OK for: simple-get@4.0.1 want: ^6.0.0
1418 silly placeDep ROOT simple-concat@1.0.1 OK for: simple-get@4.0.1 want: ^1.0.0
1419 silly fetch manifest mimic-response@^3.1.0
1420 silly packumentCache full:https://registry.npmjs.org/mimic-response cache-miss
1421 http fetch GET 200 https://registry.npmjs.org/mimic-response 494ms (cache miss)
1422 silly packumentCache full:https://registry.npmjs.org/mimic-response set size:undefined disposed:false
1423 silly placeDep ROOT mimic-response@3.1.0 OK for: decompress-response@6.0.0 want: ^3.1.0
1424 silly placeDep node_modules/simple-update-notifier semver@7.8.5 OK for: simple-update-notifier@2.0.0 want: ^7.5.3
1425 silly placeDep ROOT has-flag@3.0.0 OK for: supports-color@5.5.0 want: ^3.0.0
1426 silly fetch manifest postcss@^8.4.47
1427 silly packumentCache full:https://registry.npmjs.org/postcss cache-hit
1428 silly placeDep ROOT @alloc/quick-lru@5.3.0 OK for: tailwindcss@3.4.19 want: ^5.2.0
1429 silly placeDep ROOT arg@5.0.2 OK for: tailwindcss@3.4.19 want: ^5.0.2
1430 silly placeDep ROOT didyoumean@1.2.2 OK for: tailwindcss@3.4.19 want: ^1.2.2
1431 silly placeDep ROOT dlv@1.1.3 OK for: tailwindcss@3.4.19 want: ^1.1.3
1432 silly placeDep ROOT fast-glob@3.3.3 OK for: tailwindcss@3.4.19 want: ^3.3.2
1433 silly placeDep node_modules/tailwindcss glob-parent@6.0.2 OK for: tailwindcss@3.4.19 want: ^6.0.2
1434 silly placeDep ROOT jiti@1.21.7 OK for: tailwindcss@3.4.19 want: ^1.21.7
1435 silly placeDep ROOT lilconfig@3.1.3 OK for: tailwindcss@3.4.19 want: ^3.1.3
1436 silly placeDep ROOT micromatch@4.0.8 OK for: tailwindcss@3.4.19 want: ^4.0.8
1437 silly placeDep ROOT object-hash@3.0.0 OK for: tailwindcss@3.4.19 want: ^3.0.0
1438 silly placeDep ROOT postcss-import@15.1.0 OK for: tailwindcss@3.4.19 want: ^15.1.0
1439 silly placeDep ROOT postcss-js@4.1.0 OK for: tailwindcss@3.4.19 want: ^4.0.1
1440 silly placeDep ROOT postcss-load-config@6.0.1 OK for: tailwindcss@3.4.19 want: ^4.0.2 || ^5.0 || ^6.0
1441 silly placeDep ROOT postcss-nested@6.2.0 OK for: tailwindcss@3.4.19 want: ^6.2.0
1442 silly placeDep ROOT postcss-selector-parser@6.1.4 OK for: tailwindcss@3.4.19 want: ^6.1.2
1443 silly placeDep ROOT resolve@1.22.12 OK for: tailwindcss@3.4.19 want: ^1.22.8
1444 silly placeDep ROOT sucrase@3.35.1 OK for: tailwindcss@3.4.19 want: ^3.35.0
1445 silly fetch manifest @nodelib/fs.stat@^2.0.2
1446 silly packumentCache full:https://registry.npmjs.org/@nodelib%2ffs.stat cache-miss
1447 silly fetch manifest @nodelib/fs.walk@^1.2.3
1448 silly packumentCache full:https://registry.npmjs.org/@nodelib%2ffs.walk cache-miss
1449 silly fetch manifest merge2@^1.3.0
1450 silly packumentCache full:https://registry.npmjs.org/merge2 cache-miss
1451 http fetch GET 200 https://registry.npmjs.org/merge2 149ms (cache miss)
1452 silly packumentCache full:https://registry.npmjs.org/merge2 set size:undefined disposed:false
1453 silly fetch manifest resolve@^1.1.7
1454 silly packumentCache full:https://registry.npmjs.org/resolve cache-miss
1455 http cache https://registry.npmjs.org/resolve 7ms (cache hit)
1456 silly packumentCache full:https://registry.npmjs.org/resolve set size:244568 disposed:false
1457 silly fetch manifest read-cache@^1.0.0
1458 silly packumentCache full:https://registry.npmjs.org/read-cache cache-miss
1459 http fetch GET 200 https://registry.npmjs.org/@nodelib%2ffs.walk 768ms (cache miss)
1460 silly packumentCache full:https://registry.npmjs.org/@nodelib%2ffs.walk set size:undefined disposed:false
1461 silly fetch manifest camelcase-css@^2.0.1
1462 silly packumentCache full:https://registry.npmjs.org/camelcase-css cache-miss
1463 http fetch GET 200 https://registry.npmjs.org/@nodelib%2ffs.stat 771ms (cache miss)
1464 silly packumentCache full:https://registry.npmjs.org/@nodelib%2ffs.stat set size:undefined disposed:false
1465 silly fetch manifest postcss-selector-parser@^6.1.1
1466 silly packumentCache full:https://registry.npmjs.org/postcss-selector-parser cache-miss
1467 http fetch GET 200 https://registry.npmjs.org/read-cache 611ms (cache miss)
1468 silly packumentCache full:https://registry.npmjs.org/read-cache set size:undefined disposed:false
1469 silly fetch manifest cssesc@^3.0.0
1470 silly packumentCache full:https://registry.npmjs.org/cssesc cache-miss
1471 http cache https://registry.npmjs.org/postcss-selector-parser 8ms (cache hit)
1472 silly packumentCache full:https://registry.npmjs.org/postcss-selector-parser set size:199901 disposed:false
1473 silly fetch manifest util-deprecate@^1.0.2
1474 silly packumentCache full:https://registry.npmjs.org/util-deprecate cache-miss
1475 http fetch GET 200 https://registry.npmjs.org/camelcase-css 355ms (cache miss)
1476 silly packumentCache full:https://registry.npmjs.org/camelcase-css set size:undefined disposed:false
1477 silly fetch manifest path-parse@^1.0.7
1478 silly packumentCache full:https://registry.npmjs.org/path-parse cache-miss
1479 http fetch GET 200 https://registry.npmjs.org/cssesc 388ms (cache miss)
1480 silly packumentCache full:https://registry.npmjs.org/cssesc set size:undefined disposed:false
1481 silly fetch manifest is-core-module@^2.16.1
1482 silly packumentCache full:https://registry.npmjs.org/is-core-module cache-miss
1483 http fetch GET 200 https://registry.npmjs.org/util-deprecate 389ms (cache miss)
1484 silly packumentCache full:https://registry.npmjs.org/util-deprecate set size:undefined disposed:false
1485 silly fetch manifest supports-preserve-symlinks-flag@^1.0.0
1486 silly packumentCache full:https://registry.npmjs.org/supports-preserve-symlinks-flag cache-miss
1487 http fetch GET 200 https://registry.npmjs.org/supports-preserve-symlinks-flag 110ms (cache miss)
1488 silly packumentCache full:https://registry.npmjs.org/supports-preserve-symlinks-flag set size:undefined disposed:false
1489 silly fetch manifest commander@^4.0.0
1490 silly packumentCache full:https://registry.npmjs.org/commander cache-miss
1491 http fetch GET 200 https://registry.npmjs.org/path-parse 198ms (cache miss)
1492 silly packumentCache full:https://registry.npmjs.org/path-parse set size:undefined disposed:false
1493 silly fetch manifest lines-and-columns@^1.1.6
1494 silly packumentCache full:https://registry.npmjs.org/lines-and-columns cache-miss
1495 http fetch GET 200 https://registry.npmjs.org/lines-and-columns 165ms (cache miss)
1496 silly packumentCache full:https://registry.npmjs.org/lines-and-columns set size:undefined disposed:false
1497 silly fetch manifest mz@^2.7.0
1498 silly packumentCache full:https://registry.npmjs.org/mz cache-miss
1499 http fetch GET 200 https://registry.npmjs.org/is-core-module 339ms (cache miss)
1500 silly packumentCache full:https://registry.npmjs.org/is-core-module set size:undefined disposed:false
1501 silly fetch manifest pirates@^4.0.1
1502 silly packumentCache full:https://registry.npmjs.org/pirates cache-miss
1503 http fetch GET 200 https://registry.npmjs.org/mz 318ms (cache miss)
1504 silly packumentCache full:https://registry.npmjs.org/mz set size:undefined disposed:false
1505 silly fetch manifest tinyglobby@^0.2.11
1506 silly packumentCache full:https://registry.npmjs.org/tinyglobby cache-miss
1507 http fetch GET 200 https://registry.npmjs.org/commander 532ms (cache miss)
1508 silly packumentCache full:https://registry.npmjs.org/commander set size:undefined disposed:false
1509 silly fetch manifest ts-interface-checker@^0.1.9
1510 silly packumentCache full:https://registry.npmjs.org/ts-interface-checker cache-miss
1511 http cache https://registry.npmjs.org/tinyglobby 15ms (cache hit)
1512 silly packumentCache full:https://registry.npmjs.org/tinyglobby set size:54291 disposed:false
1513 http fetch GET 200 https://registry.npmjs.org/pirates 500ms (cache miss)
1514 silly packumentCache full:https://registry.npmjs.org/pirates set size:undefined disposed:false
1515 http fetch GET 200 https://registry.npmjs.org/ts-interface-checker 216ms (cache miss)
1516 silly packumentCache full:https://registry.npmjs.org/ts-interface-checker set size:undefined disposed:false
1517 silly placeDep ROOT @nodelib/fs.stat@2.0.5 OK for: fast-glob@3.3.3 want: ^2.0.2
1518 silly placeDep ROOT @nodelib/fs.walk@1.2.8 OK for: fast-glob@3.3.3 want: ^1.2.3
1519 silly placeDep ROOT merge2@1.4.1 OK for: fast-glob@3.3.3 want: ^1.3.0
1520 silly fetch manifest fastq@^1.6.0
1521 silly packumentCache full:https://registry.npmjs.org/fastq cache-miss
1522 silly fetch manifest @nodelib/fs.scandir@2.1.5
1523 silly packumentCache full:https://registry.npmjs.org/@nodelib%2ffs.scandir cache-miss
1524 http fetch GET 200 https://registry.npmjs.org/@nodelib%2ffs.scandir 384ms (cache miss)
1525 silly packumentCache full:https://registry.npmjs.org/@nodelib%2ffs.scandir set size:undefined disposed:false
1526 http fetch GET 200 https://registry.npmjs.org/fastq 388ms (cache miss)
1527 silly packumentCache full:https://registry.npmjs.org/fastq set size:undefined disposed:false
1528 silly placeDep ROOT @nodelib/fs.scandir@2.1.5 OK for: @nodelib/fs.walk@1.2.8 want: 2.1.5
1529 silly placeDep ROOT fastq@1.20.3 OK for: @nodelib/fs.walk@1.2.8 want: ^1.6.0
1530 silly fetch manifest run-parallel@^1.1.9
1531 silly packumentCache full:https://registry.npmjs.org/run-parallel cache-miss
1532 silly fetch manifest reusify@^1.0.4
1533 silly packumentCache full:https://registry.npmjs.org/reusify cache-miss
1534 http fetch GET 200 https://registry.npmjs.org/run-parallel 577ms (cache miss)
1535 silly packumentCache full:https://registry.npmjs.org/run-parallel set size:undefined disposed:false
1536 http fetch GET 200 https://registry.npmjs.org/reusify 578ms (cache miss)
1537 silly packumentCache full:https://registry.npmjs.org/reusify set size:undefined disposed:false
1538 silly placeDep ROOT run-parallel@1.2.0 OK for: @nodelib/fs.scandir@2.1.5 want: ^1.1.9
1539 silly fetch manifest queue-microtask@^1.2.2
1540 silly packumentCache full:https://registry.npmjs.org/queue-microtask cache-miss
1541 http fetch GET 200 https://registry.npmjs.org/queue-microtask 345ms (cache miss)
1542 silly packumentCache full:https://registry.npmjs.org/queue-microtask set size:undefined disposed:false
1543 silly placeDep ROOT reusify@1.1.0 OK for: fastq@1.20.3 want: ^1.0.4
1544 silly placeDep ROOT read-cache@1.0.2 OK for: postcss-import@15.1.0 want: ^1.0.0
1545 silly placeDep ROOT camelcase-css@2.0.1 OK for: postcss-js@4.1.0 want: ^2.0.1
1546 silly placeDep ROOT cssesc@3.0.0 OK for: postcss-selector-parser@6.1.4 want: ^3.0.0
1547 silly placeDep ROOT util-deprecate@1.0.2 OK for: postcss-selector-parser@6.1.4 want: ^1.0.2
1548 silly placeDep ROOT is-core-module@2.16.2 OK for: resolve@1.22.12 want: ^2.16.1
1549 silly placeDep ROOT path-parse@1.0.7 OK for: resolve@1.22.12 want: ^1.0.7
1550 silly placeDep ROOT supports-preserve-symlinks-flag@1.0.0 OK for: resolve@1.22.12 want: ^1.0.0
1551 silly placeDep ROOT queue-microtask@1.2.3 OK for: run-parallel@1.2.0 want: ^1.2.2
1552 silly placeDep ROOT commander@4.1.1 OK for: sucrase@3.35.1 want: ^4.0.0
1553 silly placeDep ROOT lines-and-columns@1.2.4 OK for: sucrase@3.35.1 want: ^1.1.6
1554 silly placeDep ROOT mz@2.7.0 OK for: sucrase@3.35.1 want: ^2.7.0
1555 silly placeDep ROOT pirates@4.0.7 OK for: sucrase@3.35.1 want: ^4.0.1
1556 silly placeDep ROOT tinyglobby@0.2.17 OK for: sucrase@3.35.1 want: ^0.2.11
1557 silly placeDep ROOT ts-interface-checker@0.1.13 OK for: sucrase@3.35.1 want: ^0.1.9
1558 silly fetch manifest any-promise@^1.0.0
1559 silly packumentCache full:https://registry.npmjs.org/any-promise cache-miss
1560 silly fetch manifest thenify-all@^1.0.0
1561 silly packumentCache full:https://registry.npmjs.org/thenify-all cache-miss
1562 silly fetch manifest fdir@^6.5.0
1563 silly packumentCache full:https://registry.npmjs.org/fdir cache-miss
1564 http cache https://registry.npmjs.org/fdir 19ms (cache hit)
1565 silly packumentCache full:https://registry.npmjs.org/fdir set size:136182 disposed:false
1566 silly fetch manifest picomatch@^4.0.4
1567 silly packumentCache full:https://registry.npmjs.org/picomatch cache-hit
1568 http fetch GET 200 https://registry.npmjs.org/any-promise 402ms (cache miss)
1569 silly packumentCache full:https://registry.npmjs.org/any-promise set size:undefined disposed:false
1570 http fetch GET 200 https://registry.npmjs.org/thenify-all 439ms (cache miss)
1571 silly packumentCache full:https://registry.npmjs.org/thenify-all set size:undefined disposed:false
1572 silly placeDep ROOT any-promise@1.3.0 OK for: mz@2.7.0 want: ^1.0.0
1573 silly placeDep ROOT thenify-all@1.6.0 OK for: mz@2.7.0 want: ^1.0.0
1574 silly fetch manifest thenify@>= 3.1.0 < 4
1575 silly packumentCache full:https://registry.npmjs.org/thenify cache-miss
1576 http fetch GET 200 https://registry.npmjs.org/thenify 419ms (cache miss)
1577 silly packumentCache full:https://registry.npmjs.org/thenify set size:undefined disposed:false
1578 silly placeDep ROOT chownr@1.1.4 OK for: tar-fs@2.1.5 want: ^1.1.1
1579 silly placeDep ROOT tar-stream@2.2.0 OK for: tar-fs@2.1.5 want: ^2.1.4
1580 silly fetch manifest bl@^4.0.3
1581 silly packumentCache full:https://registry.npmjs.org/bl cache-miss
1582 silly fetch manifest fs-constants@^1.0.0
1583 silly packumentCache full:https://registry.npmjs.org/fs-constants cache-miss
1584 silly fetch manifest readable-stream@^3.1.1
1585 silly packumentCache full:https://registry.npmjs.org/readable-stream cache-miss
1586 http fetch GET 200 https://registry.npmjs.org/fs-constants 210ms (cache miss)
1587 silly packumentCache full:https://registry.npmjs.org/fs-constants set size:undefined disposed:false
1588 http fetch GET 200 https://registry.npmjs.org/bl 214ms (cache miss)
1589 silly packumentCache full:https://registry.npmjs.org/bl set size:undefined disposed:false
1590 http fetch GET 200 https://registry.npmjs.org/readable-stream 425ms (cache miss)
1591 silly packumentCache full:https://registry.npmjs.org/readable-stream set size:undefined disposed:false
1592 silly placeDep ROOT bl@4.1.0 OK for: tar-stream@2.2.0 want: ^4.0.3
1593 silly placeDep ROOT fs-constants@1.0.0 OK for: tar-stream@2.2.0 want: ^1.0.0
1594 silly placeDep ROOT readable-stream@3.6.2 OK for: tar-stream@2.2.0 want: ^3.1.1
1595 silly fetch manifest buffer@^5.5.0
1596 silly packumentCache full:https://registry.npmjs.org/buffer cache-miss
1597 silly fetch manifest readable-stream@^3.4.0
1598 silly packumentCache full:https://registry.npmjs.org/readable-stream cache-miss
1599 silly fetch manifest string_decoder@^1.1.1
1600 silly packumentCache full:https://registry.npmjs.org/string_decoder cache-miss
1601 http cache https://registry.npmjs.org/readable-stream 8ms (cache hit)
1602 silly packumentCache full:https://registry.npmjs.org/readable-stream set size:261096 disposed:false
1603 http fetch GET 200 https://registry.npmjs.org/buffer 204ms (cache miss)
1604 silly packumentCache full:https://registry.npmjs.org/buffer set size:undefined disposed:false
1605 http fetch GET 200 https://registry.npmjs.org/string_decoder 420ms (cache miss)
1606 silly packumentCache full:https://registry.npmjs.org/string_decoder set size:undefined disposed:false
1607 silly placeDep ROOT buffer@5.7.1 OK for: bl@4.1.0 want: ^5.5.0
1608 silly fetch manifest base64-js@^1.3.1
1609 silly packumentCache full:https://registry.npmjs.org/base64-js cache-miss
1610 silly fetch manifest ieee754@^1.1.13
1611 silly packumentCache full:https://registry.npmjs.org/ieee754 cache-miss
1612 http fetch GET 200 https://registry.npmjs.org/ieee754 179ms (cache miss)
1613 silly packumentCache full:https://registry.npmjs.org/ieee754 set size:undefined disposed:false
1614 http fetch GET 200 https://registry.npmjs.org/base64-js 747ms (cache miss)
1615 silly packumentCache full:https://registry.npmjs.org/base64-js set size:undefined disposed:false
1616 silly placeDep ROOT base64-js@1.5.1 OK for: buffer@5.7.1 want: ^1.3.1
1617 silly placeDep ROOT ieee754@1.2.1 OK for: buffer@5.7.1 want: ^1.1.13
1618 silly placeDep ROOT string_decoder@1.3.0 OK for: readable-stream@3.6.2 want: ^1.1.1
1619 silly placeDep ROOT thenify@3.3.1 OK for: thenify-all@1.6.0 want: >= 3.1.0 < 4
1620 silly placeDep node_modules/tinyglobby fdir@6.5.0 OK for: tinyglobby@0.2.17 want: ^6.5.0
1621 silly placeDep node_modules/tinyglobby picomatch@4.0.7 OK for: fdir@6.5.0 want: ^3 || ^4
1622 silly placeDep ROOT is-number@7.0.0 OK for: to-regex-range@5.0.1 want: ^7.0.0
1623 silly placeDep ROOT media-typer@0.3.0 OK for: type-is@1.6.18 want: 0.3.0
1624 silly placeDep ROOT escalade@3.2.0 OK for: update-browserslist-db@1.3.3 want: ^3.2.0
1625 silly placeDep ROOT @types/d3-array@3.2.2 OK for: victory-vendor@36.9.2 want: ^3.0.3
1626 silly placeDep ROOT @types/d3-ease@3.0.2 OK for: victory-vendor@36.9.2 want: ^3.0.0
1627 silly placeDep ROOT @types/d3-interpolate@3.0.4 OK for: victory-vendor@36.9.2 want: ^3.0.1
1628 silly placeDep ROOT @types/d3-scale@4.0.9 OK for: victory-vendor@36.9.2 want: ^4.0.2
1629 silly placeDep ROOT @types/d3-shape@3.2.0 OK for: victory-vendor@36.9.2 want: ^3.1.0
1630 silly placeDep ROOT @types/d3-time@3.0.4 OK for: victory-vendor@36.9.2 want: ^3.0.0
1631 silly placeDep ROOT @types/d3-timer@3.0.2 OK for: victory-vendor@36.9.2 want: ^3.0.0
1632 silly placeDep ROOT d3-array@3.2.4 OK for: victory-vendor@36.9.2 want: ^3.1.6
1633 silly placeDep ROOT d3-ease@3.0.1 OK for: victory-vendor@36.9.2 want: ^3.0.1
1634 silly placeDep ROOT d3-interpolate@3.0.1 OK for: victory-vendor@36.9.2 want: ^3.0.1
1635 silly placeDep ROOT d3-scale@4.0.2 OK for: victory-vendor@36.9.2 want: ^4.0.2
1636 silly placeDep ROOT d3-shape@3.2.0 OK for: victory-vendor@36.9.2 want: ^3.1.0
1637 silly placeDep ROOT d3-time@3.1.0 OK for: victory-vendor@36.9.2 want: ^3.0.0
1638 silly placeDep ROOT d3-timer@3.0.1 OK for: victory-vendor@36.9.2 want: ^3.0.1
1639 silly fetch manifest @types/d3-color@*
1640 silly packumentCache full:https://registry.npmjs.org/@types%2fd3-color cache-miss
1641 silly fetch manifest @types/d3-time@*
1642 silly packumentCache full:https://registry.npmjs.org/@types%2fd3-time cache-miss
1643 silly fetch manifest @types/d3-path@*
1644 silly packumentCache full:https://registry.npmjs.org/@types%2fd3-path cache-miss
1645 http cache https://registry.npmjs.org/@types%2fd3-time 17ms (cache hit)
1646 silly packumentCache full:https://registry.npmjs.org/@types%2fd3-time set size:52652 disposed:false
1647 silly fetch manifest internmap@1 - 2
1648 silly packumentCache full:https://registry.npmjs.org/internmap cache-miss
1649 http fetch GET 200 https://registry.npmjs.org/internmap 359ms (cache miss)
1650 silly packumentCache full:https://registry.npmjs.org/internmap set size:undefined disposed:false
1651 silly fetch manifest d3-color@1 - 3
1652 silly packumentCache full:https://registry.npmjs.org/d3-color cache-miss
1653 http fetch GET 200 https://registry.npmjs.org/@types%2fd3-path 390ms (cache miss)
1654 silly packumentCache full:https://registry.npmjs.org/@types%2fd3-path set size:undefined disposed:false
1655 silly fetch manifest d3-format@1 - 3
1656 silly packumentCache full:https://registry.npmjs.org/d3-format cache-miss
1657 http fetch GET 200 https://registry.npmjs.org/@types%2fd3-color 402ms (cache miss)
1658 silly packumentCache full:https://registry.npmjs.org/@types%2fd3-color set size:undefined disposed:false
1659 silly fetch manifest d3-time@2.1.1 - 3
1660 silly packumentCache full:https://registry.npmjs.org/d3-time cache-miss
1661 http cache https://registry.npmjs.org/d3-time 5ms (cache hit)
1662 silly packumentCache full:https://registry.npmjs.org/d3-time set size:150406 disposed:false
1663 silly fetch manifest d3-time-format@2 - 4
1664 silly packumentCache full:https://registry.npmjs.org/d3-time-format cache-miss
1665 http fetch GET 200 https://registry.npmjs.org/d3-format 223ms (cache miss)
1666 silly packumentCache full:https://registry.npmjs.org/d3-format set size:undefined disposed:false
1667 silly fetch manifest d3-path@^3.1.0
1668 silly packumentCache full:https://registry.npmjs.org/d3-path cache-miss
1669 http fetch GET 200 https://registry.npmjs.org/d3-color 411ms (cache miss)
1670 silly packumentCache full:https://registry.npmjs.org/d3-color set size:undefined disposed:false
1671 http fetch GET 200 https://registry.npmjs.org/d3-path 193ms (cache miss)
1672 silly packumentCache full:https://registry.npmjs.org/d3-path set size:undefined disposed:false
1673 http fetch GET 200 https://registry.npmjs.org/d3-time-format 491ms (cache miss)
1674 silly packumentCache full:https://registry.npmjs.org/d3-time-format set size:undefined disposed:false
1675 silly placeDep ROOT @types/d3-color@3.1.3 OK for: @types/d3-interpolate@3.0.4 want: *
1676 silly placeDep ROOT @types/d3-path@3.1.1 OK for: @types/d3-shape@3.2.0 want: *
1677 silly placeDep ROOT internmap@2.0.3 OK for: d3-array@3.2.4 want: 1 - 2
1678 silly placeDep ROOT d3-color@3.1.0 OK for: d3-interpolate@3.0.1 want: 1 - 3
1679 silly placeDep ROOT d3-format@3.1.2 OK for: d3-scale@4.0.2 want: 1 - 3
1680 silly placeDep ROOT d3-time-format@4.1.0 OK for: d3-scale@4.0.2 want: 2 - 4
1681 silly placeDep ROOT d3-path@3.1.0 OK for: d3-shape@3.2.0 want: ^3.1.0
1682 silly placeDep ROOT esbuild@0.25.12 OK for: vite@6.4.3 want: ^0.25.0
1683 silly placeDep node_modules/vite fdir@6.5.0 OK for: vite@6.4.3 want: ^6.4.4
1684 silly placeDep node_modules/vite picomatch@4.0.7 OK for: fdir@6.5.0 want: ^3 || ^4
1685 silly placeDep ROOT rollup@4.63.2 OK for: vite@6.4.3 want: ^4.34.9
1686 silly fetch manifest @esbuild/aix-ppc64@0.25.12
1687 silly packumentCache full:https://registry.npmjs.org/@esbuild%2faix-ppc64 cache-miss
1688 silly fetch manifest @esbuild/linux-arm@0.25.12
1689 silly packumentCache full:https://registry.npmjs.org/@esbuild%2flinux-arm cache-miss
1690 silly fetch manifest @esbuild/linux-x64@0.25.12
1691 silly packumentCache full:https://registry.npmjs.org/@esbuild%2flinux-x64 cache-miss
1692 http fetch GET 200 https://registry.npmjs.org/@esbuild%2flinux-x64 281ms (cache miss)
1693 silly packumentCache full:https://registry.npmjs.org/@esbuild%2flinux-x64 set size:undefined disposed:false
1694 silly fetch manifest @esbuild/sunos-x64@0.25.12
1695 silly packumentCache full:https://registry.npmjs.org/@esbuild%2fsunos-x64 cache-miss
1696 http fetch GET 200 https://registry.npmjs.org/@esbuild%2fsunos-x64 578ms (cache miss)
1697 silly packumentCache full:https://registry.npmjs.org/@esbuild%2fsunos-x64 set size:undefined disposed:false
1698 silly fetch manifest @esbuild/win32-x64@0.25.12
1699 silly packumentCache full:https://registry.npmjs.org/@esbuild%2fwin32-x64 cache-miss
1700 http fetch GET 200 https://registry.npmjs.org/@esbuild%2faix-ppc64 869ms (cache miss)
1701 silly packumentCache full:https://registry.npmjs.org/@esbuild%2faix-ppc64 set size:undefined disposed:false
1702 silly fetch manifest @esbuild/darwin-x64@0.25.12
1703 silly packumentCache full:https://registry.npmjs.org/@esbuild%2fdarwin-x64 cache-miss
1704 http fetch GET 200 https://registry.npmjs.org/@esbuild%2flinux-arm 873ms (cache miss)
1705 silly packumentCache full:https://registry.npmjs.org/@esbuild%2flinux-arm set size:undefined disposed:false
1706 silly fetch manifest @esbuild/linux-ia32@0.25.12
1707 silly packumentCache full:https://registry.npmjs.org/@esbuild%2flinux-ia32 cache-miss
1708 http fetch GET 200 https://registry.npmjs.org/@esbuild%2fwin32-x64 396ms (cache miss)
1709 silly packumentCache full:https://registry.npmjs.org/@esbuild%2fwin32-x64 set size:undefined disposed:false
1710 silly fetch manifest @esbuild/netbsd-x64@0.25.12
1711 silly packumentCache full:https://registry.npmjs.org/@esbuild%2fnetbsd-x64 cache-miss
1712 http fetch GET 200 https://registry.npmjs.org/@esbuild%2fnetbsd-x64 300ms (cache miss)
1713 silly packumentCache full:https://registry.npmjs.org/@esbuild%2fnetbsd-x64 set size:undefined disposed:false
1714 silly fetch manifest @esbuild/win32-ia32@0.25.12
1715 silly packumentCache full:https://registry.npmjs.org/@esbuild%2fwin32-ia32 cache-miss
1716 http fetch GET 200 https://registry.npmjs.org/@esbuild%2fdarwin-x64 743ms (cache miss)
1717 silly packumentCache full:https://registry.npmjs.org/@esbuild%2fdarwin-x64 set size:undefined disposed:false
1718 silly fetch manifest @esbuild/android-arm@0.25.12
1719 silly packumentCache full:https://registry.npmjs.org/@esbuild%2fandroid-arm cache-miss
1720 http fetch GET 200 https://registry.npmjs.org/@esbuild%2flinux-ia32 1049ms (cache miss)
1721 silly packumentCache full:https://registry.npmjs.org/@esbuild%2flinux-ia32 set size:undefined disposed:false
1722 silly fetch manifest @esbuild/android-x64@0.25.12
1723 silly packumentCache full:https://registry.npmjs.org/@esbuild%2fandroid-x64 cache-miss
1724 http fetch GET 200 https://registry.npmjs.org/@esbuild%2fwin32-ia32 413ms (cache miss)
1725 silly packumentCache full:https://registry.npmjs.org/@esbuild%2fwin32-ia32 set size:undefined disposed:false
1726 silly fetch manifest @esbuild/freebsd-x64@0.25.12
1727 silly packumentCache full:https://registry.npmjs.org/@esbuild%2ffreebsd-x64 cache-miss
1728 http fetch GET 200 https://registry.npmjs.org/@esbuild%2ffreebsd-x64 195ms (cache miss)
1729 silly packumentCache full:https://registry.npmjs.org/@esbuild%2ffreebsd-x64 set size:undefined disposed:false
1730 silly fetch manifest @esbuild/linux-arm64@0.25.12
1731 silly packumentCache full:https://registry.npmjs.org/@esbuild%2flinux-arm64 cache-miss
1732 http fetch GET 200 https://registry.npmjs.org/@esbuild%2flinux-arm64 246ms (cache miss)
1733 silly packumentCache full:https://registry.npmjs.org/@esbuild%2flinux-arm64 set size:undefined disposed:false
1734 silly fetch manifest @esbuild/linux-ppc64@0.25.12
1735 silly packumentCache full:https://registry.npmjs.org/@esbuild%2flinux-ppc64 cache-miss
1736 http fetch GET 200 https://registry.npmjs.org/@esbuild%2fandroid-arm 824ms (cache miss)
1737 silly packumentCache full:https://registry.npmjs.org/@esbuild%2fandroid-arm set size:undefined disposed:false
1738 silly fetch manifest @esbuild/linux-s390x@0.25.12
1739 silly packumentCache full:https://registry.npmjs.org/@esbuild%2flinux-s390x cache-miss
1740 http fetch GET 200 https://registry.npmjs.org/@esbuild%2fandroid-x64 738ms (cache miss)
1741 silly packumentCache full:https://registry.npmjs.org/@esbuild%2fandroid-x64 set size:undefined disposed:false
1742 silly fetch manifest @esbuild/openbsd-x64@0.25.12
1743 silly packumentCache full:https://registry.npmjs.org/@esbuild%2fopenbsd-x64 cache-miss
1744 http fetch GET 200 https://registry.npmjs.org/@esbuild%2flinux-ppc64 231ms (cache miss)
1745 silly packumentCache full:https://registry.npmjs.org/@esbuild%2flinux-ppc64 set size:undefined disposed:false
1746 silly fetch manifest @esbuild/win32-arm64@0.25.12
1747 silly packumentCache full:https://registry.npmjs.org/@esbuild%2fwin32-arm64 cache-miss
1748 http fetch GET 200 https://registry.npmjs.org/@esbuild%2fopenbsd-x64 1017ms (cache miss)
1749 silly packumentCache full:https://registry.npmjs.org/@esbuild%2fopenbsd-x64 set size:undefined disposed:false
1750 silly fetch manifest @esbuild/darwin-arm64@0.25.12
1751 silly packumentCache full:https://registry.npmjs.org/@esbuild%2fdarwin-arm64 cache-miss
1752 http fetch GET 200 https://registry.npmjs.org/@esbuild%2fwin32-arm64 1019ms (cache miss)
1753 silly packumentCache full:https://registry.npmjs.org/@esbuild%2fwin32-arm64 set size:undefined disposed:false
1754 silly fetch manifest @esbuild/netbsd-arm64@0.25.12
1755 silly packumentCache full:https://registry.npmjs.org/@esbuild%2fnetbsd-arm64 cache-miss
1756 http fetch GET 200 https://registry.npmjs.org/@esbuild%2flinux-s390x 1254ms (cache miss)
1757 silly packumentCache full:https://registry.npmjs.org/@esbuild%2flinux-s390x set size:undefined disposed:false
1758 silly fetch manifest @esbuild/android-arm64@0.25.12
1759 silly packumentCache full:https://registry.npmjs.org/@esbuild%2fandroid-arm64 cache-miss
1760 http fetch GET 200 https://registry.npmjs.org/@esbuild%2fdarwin-arm64 277ms (cache miss)
1761 silly packumentCache full:https://registry.npmjs.org/@esbuild%2fdarwin-arm64 set size:undefined disposed:false
1762 silly fetch manifest @esbuild/freebsd-arm64@0.25.12
1763 silly packumentCache full:https://registry.npmjs.org/@esbuild%2ffreebsd-arm64 cache-miss
1764 http fetch GET 200 https://registry.npmjs.org/@esbuild%2ffreebsd-arm64 280ms (cache miss)
1765 silly packumentCache full:https://registry.npmjs.org/@esbuild%2ffreebsd-arm64 set size:undefined disposed:false
1766 silly fetch manifest @esbuild/linux-loong64@0.25.12
1767 silly packumentCache full:https://registry.npmjs.org/@esbuild%2flinux-loong64 cache-miss
1768 http fetch GET 200 https://registry.npmjs.org/@esbuild%2fandroid-arm64 1031ms (cache miss)
1769 silly packumentCache full:https://registry.npmjs.org/@esbuild%2fandroid-arm64 set size:undefined disposed:false
1770 silly fetch manifest @esbuild/linux-riscv64@0.25.12
1771 silly packumentCache full:https://registry.npmjs.org/@esbuild%2flinux-riscv64 cache-miss
1772 http fetch GET 200 https://registry.npmjs.org/@esbuild%2fnetbsd-arm64 1051ms (cache miss)
1773 silly packumentCache full:https://registry.npmjs.org/@esbuild%2fnetbsd-arm64 set size:undefined disposed:false
1774 silly fetch manifest @esbuild/openbsd-arm64@0.25.12
1775 silly packumentCache full:https://registry.npmjs.org/@esbuild%2fopenbsd-arm64 cache-miss
1776 http fetch GET 200 https://registry.npmjs.org/@esbuild%2flinux-loong64 505ms (cache miss)
1777 silly packumentCache full:https://registry.npmjs.org/@esbuild%2flinux-loong64 set size:undefined disposed:false
1778 silly fetch manifest @esbuild/linux-mips64el@0.25.12
1779 silly packumentCache full:https://registry.npmjs.org/@esbuild%2flinux-mips64el cache-miss
1780 http fetch GET 200 https://registry.npmjs.org/@esbuild%2flinux-mips64el 401ms (cache miss)
1781 silly packumentCache full:https://registry.npmjs.org/@esbuild%2flinux-mips64el set size:undefined disposed:false
1782 silly fetch manifest @esbuild/openharmony-arm64@0.25.12
1783 silly packumentCache full:https://registry.npmjs.org/@esbuild%2fopenharmony-arm64 cache-miss
1784 http fetch GET 200 https://registry.npmjs.org/@esbuild%2fopenbsd-arm64 423ms (cache miss)
1785 silly packumentCache full:https://registry.npmjs.org/@esbuild%2fopenbsd-arm64 set size:undefined disposed:false
1786 silly fetch manifest @types/estree@1.0.9
1787 silly packumentCache full:https://registry.npmjs.org/@types%2festree cache-miss
1788 http fetch GET 200 https://registry.npmjs.org/@types%2festree 172ms (cache miss)
1789 silly packumentCache full:https://registry.npmjs.org/@types%2festree set size:undefined disposed:false
1790 silly fetch manifest @rollup/rollup-darwin-x64@4.63.2
1791 silly packumentCache full:https://registry.npmjs.org/@rollup%2frollup-darwin-x64 cache-miss
1792 http fetch GET 200 https://registry.npmjs.org/@esbuild%2fopenharmony-arm64 232ms (cache miss)
1793 silly packumentCache full:https://registry.npmjs.org/@esbuild%2fopenharmony-arm64 set size:undefined disposed:false
1794 silly fetch manifest @rollup/rollup-freebsd-x64@4.63.2
1795 silly packumentCache full:https://registry.npmjs.org/@rollup%2frollup-freebsd-x64 cache-miss
1796 http fetch GET 200 https://registry.npmjs.org/@esbuild%2flinux-riscv64 739ms (cache miss)
1797 silly packumentCache full:https://registry.npmjs.org/@esbuild%2flinux-riscv64 set size:undefined disposed:false
1798 silly fetch manifest @rollup/rollup-openbsd-x64@4.63.2
1799 silly packumentCache full:https://registry.npmjs.org/@rollup%2frollup-openbsd-x64 cache-miss
1800 http fetch GET 200 https://registry.npmjs.org/@rollup%2frollup-freebsd-x64 290ms (cache miss)
1801 silly packumentCache full:https://registry.npmjs.org/@rollup%2frollup-freebsd-x64 set size:undefined disposed:false
1802 silly fetch manifest @napi-rs/lzma-linux-x64-gnu@1.5.1
1803 silly packumentCache full:https://registry.npmjs.org/@napi-rs%2flzma-linux-x64-gnu cache-miss
1804 http fetch GET 200 https://registry.npmjs.org/@rollup%2frollup-openbsd-x64 270ms (cache miss)
1805 silly packumentCache full:https://registry.npmjs.org/@rollup%2frollup-openbsd-x64 set size:undefined disposed:false
1806 silly fetch manifest @rollup/rollup-darwin-arm64@4.63.2
1807 silly packumentCache full:https://registry.npmjs.org/@rollup%2frollup-darwin-arm64 cache-miss
1808 http fetch GET 200 https://registry.npmjs.org/@napi-rs%2flzma-linux-x64-gnu 196ms (cache miss)
1809 silly packumentCache full:https://registry.npmjs.org/@napi-rs%2flzma-linux-x64-gnu set size:undefined disposed:false
1810 silly fetch manifest @rollup/rollup-android-arm64@4.63.2
1811 silly packumentCache full:https://registry.npmjs.org/@rollup%2frollup-android-arm64 cache-miss
1812 http fetch GET 200 https://registry.npmjs.org/@rollup%2frollup-android-arm64 227ms (cache miss)
1813 silly packumentCache full:https://registry.npmjs.org/@rollup%2frollup-android-arm64 set size:undefined disposed:false
1814 silly fetch manifest @rollup/rollup-freebsd-arm64@4.63.2
1815 silly packumentCache full:https://registry.npmjs.org/@rollup%2frollup-freebsd-arm64 cache-miss
1816 http fetch GET 200 https://registry.npmjs.org/@rollup%2frollup-darwin-x64 824ms (cache miss)
1817 silly packumentCache full:https://registry.npmjs.org/@rollup%2frollup-darwin-x64 set size:undefined disposed:false
1818 silly fetch manifest @rollup/rollup-linux-x64-gnu@4.63.2
1819 silly packumentCache full:https://registry.npmjs.org/@rollup%2frollup-linux-x64-gnu cache-miss
1820 http fetch GET 200 https://registry.npmjs.org/@rollup%2frollup-freebsd-arm64 323ms (cache miss)
1821 silly packumentCache full:https://registry.npmjs.org/@rollup%2frollup-freebsd-arm64 set size:undefined disposed:false
1822 silly fetch manifest @rollup/rollup-win32-x64-gnu@4.63.2
1823 silly packumentCache full:https://registry.npmjs.org/@rollup%2frollup-win32-x64-gnu cache-miss
1824 http fetch GET 200 https://registry.npmjs.org/@rollup%2frollup-darwin-arm64 741ms (cache miss)
1825 silly packumentCache full:https://registry.npmjs.org/@rollup%2frollup-darwin-arm64 set size:undefined disposed:false
1826 silly fetch manifest @rollup/rollup-linux-x64-musl@4.63.2
1827 silly packumentCache full:https://registry.npmjs.org/@rollup%2frollup-linux-x64-musl cache-miss
1828 http fetch GET 200 https://registry.npmjs.org/@rollup%2frollup-win32-x64-gnu 210ms (cache miss)
1829 silly packumentCache full:https://registry.npmjs.org/@rollup%2frollup-win32-x64-gnu set size:undefined disposed:false
1830 silly fetch manifest @rollup/rollup-win32-x64-msvc@4.63.2
1831 silly packumentCache full:https://registry.npmjs.org/@rollup%2frollup-win32-x64-msvc cache-miss
1832 http fetch GET 200 https://registry.npmjs.org/@rollup%2frollup-win32-x64-msvc 440ms (cache miss)
1833 silly packumentCache full:https://registry.npmjs.org/@rollup%2frollup-win32-x64-msvc set size:undefined disposed:false
1834 silly fetch manifest @rollup/rollup-linux-arm64-gnu@4.63.2
1835 silly packumentCache full:https://registry.npmjs.org/@rollup%2frollup-linux-arm64-gnu cache-miss
1836 http fetch GET 200 https://registry.npmjs.org/@rollup%2frollup-linux-x64-gnu 984ms (cache miss)
1837 silly packumentCache full:https://registry.npmjs.org/@rollup%2frollup-linux-x64-gnu set size:undefined disposed:false
1838 silly fetch manifest @rollup/rollup-linux-ppc64-gnu@4.63.2
1839 silly packumentCache full:https://registry.npmjs.org/@rollup%2frollup-linux-ppc64-gnu cache-miss
1840 http fetch GET 200 https://registry.npmjs.org/@rollup%2frollup-linux-x64-musl 671ms (cache miss)
1841 silly packumentCache full:https://registry.npmjs.org/@rollup%2frollup-linux-x64-musl set size:undefined disposed:false
1842 silly fetch manifest @rollup/rollup-linux-s390x-gnu@4.63.2
1843 silly packumentCache full:https://registry.npmjs.org/@rollup%2frollup-linux-s390x-gnu cache-miss
1844 http fetch GET 200 https://registry.npmjs.org/@rollup%2frollup-linux-arm64-gnu 319ms (cache miss)
1845 silly packumentCache full:https://registry.npmjs.org/@rollup%2frollup-linux-arm64-gnu set size:undefined disposed:false
1846 silly fetch manifest @rollup/rollup-win32-ia32-msvc@4.63.2
1847 silly packumentCache full:https://registry.npmjs.org/@rollup%2frollup-win32-ia32-msvc cache-miss
1848 http fetch GET 200 https://registry.npmjs.org/@rollup%2frollup-linux-s390x-gnu 556ms (cache miss)
1849 silly packumentCache full:https://registry.npmjs.org/@rollup%2frollup-linux-s390x-gnu set size:undefined disposed:false
1850 silly fetch manifest @rollup/rollup-android-arm-eabi@4.63.2
1851 silly packumentCache full:https://registry.npmjs.org/@rollup%2frollup-android-arm-eabi cache-miss
1852 http fetch GET 200 https://registry.npmjs.org/@rollup%2frollup-win32-ia32-msvc 302ms (cache miss)
1853 silly packumentCache full:https://registry.npmjs.org/@rollup%2frollup-win32-ia32-msvc set size:undefined disposed:false
1854 silly fetch manifest @rollup/rollup-linux-arm64-musl@4.63.2
1855 silly packumentCache full:https://registry.npmjs.org/@rollup%2frollup-linux-arm64-musl cache-miss
1856 http fetch GET 200 https://registry.npmjs.org/@rollup%2frollup-linux-arm64-musl 267ms (cache miss)
1857 silly packumentCache full:https://registry.npmjs.org/@rollup%2frollup-linux-arm64-musl set size:undefined disposed:false
1858 silly fetch manifest @rollup/rollup-linux-ppc64-musl@4.63.2
1859 silly packumentCache full:https://registry.npmjs.org/@rollup%2frollup-linux-ppc64-musl cache-miss
1860 http fetch GET 200 https://registry.npmjs.org/@rollup%2frollup-linux-ppc64-gnu 852ms (cache miss)
1861 silly packumentCache full:https://registry.npmjs.org/@rollup%2frollup-linux-ppc64-gnu set size:undefined disposed:false
1862 silly fetch manifest @rollup/rollup-win32-arm64-msvc@4.63.2
1863 silly packumentCache full:https://registry.npmjs.org/@rollup%2frollup-win32-arm64-msvc cache-miss
1864 http fetch GET 200 https://registry.npmjs.org/@rollup%2frollup-linux-ppc64-musl 244ms (cache miss)
1865 silly packumentCache full:https://registry.npmjs.org/@rollup%2frollup-linux-ppc64-musl set size:undefined disposed:false
1866 silly fetch manifest @rollup/rollup-linux-loong64-gnu@4.63.2
1867 silly packumentCache full:https://registry.npmjs.org/@rollup%2frollup-linux-loong64-gnu cache-miss
1868 http fetch GET 200 https://registry.npmjs.org/@rollup%2frollup-android-arm-eabi 616ms (cache miss)
1869 silly packumentCache full:https://registry.npmjs.org/@rollup%2frollup-android-arm-eabi set size:undefined disposed:false
1870 silly fetch manifest @rollup/rollup-linux-riscv64-gnu@4.63.2
1871 silly packumentCache full:https://registry.npmjs.org/@rollup%2frollup-linux-riscv64-gnu cache-miss
1872 http fetch GET 200 https://registry.npmjs.org/@rollup%2frollup-linux-loong64-gnu 209ms (cache miss)
1873 silly packumentCache full:https://registry.npmjs.org/@rollup%2frollup-linux-loong64-gnu set size:undefined disposed:false
1874 silly fetch manifest @rollup/rollup-openharmony-arm64@4.63.2
1875 silly packumentCache full:https://registry.npmjs.org/@rollup%2frollup-openharmony-arm64 cache-miss
1876 http fetch GET 200 https://registry.npmjs.org/@rollup%2frollup-openharmony-arm64 205ms (cache miss)
1877 silly packumentCache full:https://registry.npmjs.org/@rollup%2frollup-openharmony-arm64 set size:undefined disposed:false
1878 silly fetch manifest @rollup/rollup-linux-loong64-musl@4.63.2
1879 silly packumentCache full:https://registry.npmjs.org/@rollup%2frollup-linux-loong64-musl cache-miss
1880 http fetch GET 200 https://registry.npmjs.org/@rollup%2frollup-linux-riscv64-gnu 513ms (cache miss)
1881 silly packumentCache full:https://registry.npmjs.org/@rollup%2frollup-linux-riscv64-gnu set size:undefined disposed:false
1882 silly fetch manifest @rollup/rollup-linux-riscv64-musl@4.63.2
1883 silly packumentCache full:https://registry.npmjs.org/@rollup%2frollup-linux-riscv64-musl cache-miss
1884 http fetch GET 200 https://registry.npmjs.org/@rollup%2frollup-linux-loong64-musl 197ms (cache miss)
1885 silly packumentCache full:https://registry.npmjs.org/@rollup%2frollup-linux-loong64-musl set size:undefined disposed:false
1886 silly fetch manifest @rollup/rollup-linux-arm-gnueabihf@4.63.2
1887 silly packumentCache full:https://registry.npmjs.org/@rollup%2frollup-linux-arm-gnueabihf cache-miss
1888 http fetch GET 200 https://registry.npmjs.org/@rollup%2frollup-win32-arm64-msvc 899ms (cache miss)
1889 silly packumentCache full:https://registry.npmjs.org/@rollup%2frollup-win32-arm64-msvc set size:undefined disposed:false
1890 silly fetch manifest @rollup/rollup-linux-arm-musleabihf@4.63.2
1891 silly packumentCache full:https://registry.npmjs.org/@rollup%2frollup-linux-arm-musleabihf cache-miss
1892 http fetch GET 200 https://registry.npmjs.org/@rollup%2frollup-linux-arm-gnueabihf 473ms (cache miss)
1893 silly packumentCache full:https://registry.npmjs.org/@rollup%2frollup-linux-arm-gnueabihf set size:undefined disposed:false
1894 http fetch GET 200 https://registry.npmjs.org/@rollup%2frollup-linux-arm-musleabihf 460ms (cache miss)
1895 silly packumentCache full:https://registry.npmjs.org/@rollup%2frollup-linux-arm-musleabihf set size:undefined disposed:false
1896 http fetch GET 200 https://registry.npmjs.org/@rollup%2frollup-linux-riscv64-musl 506ms (cache miss)
1897 silly packumentCache full:https://registry.npmjs.org/@rollup%2frollup-linux-riscv64-musl set size:undefined disposed:false
1898 silly placeDep ROOT @esbuild/aix-ppc64@0.25.12 OK for: esbuild@0.25.12 want: 0.25.12
1899 silly placeDep ROOT @esbuild/android-arm@0.25.12 OK for: esbuild@0.25.12 want: 0.25.12
1900 silly placeDep ROOT @esbuild/android-arm64@0.25.12 OK for: esbuild@0.25.12 want: 0.25.12
1901 silly placeDep ROOT @esbuild/android-x64@0.25.12 OK for: esbuild@0.25.12 want: 0.25.12
1902 silly placeDep ROOT @esbuild/darwin-arm64@0.25.12 OK for: esbuild@0.25.12 want: 0.25.12
1903 silly placeDep ROOT @esbuild/darwin-x64@0.25.12 OK for: esbuild@0.25.12 want: 0.25.12
1904 silly placeDep ROOT @esbuild/freebsd-arm64@0.25.12 OK for: esbuild@0.25.12 want: 0.25.12
1905 silly placeDep ROOT @esbuild/freebsd-x64@0.25.12 OK for: esbuild@0.25.12 want: 0.25.12
1906 silly placeDep ROOT @esbuild/linux-arm@0.25.12 OK for: esbuild@0.25.12 want: 0.25.12
1907 silly placeDep ROOT @esbuild/linux-arm64@0.25.12 OK for: esbuild@0.25.12 want: 0.25.12
1908 silly placeDep ROOT @esbuild/linux-ia32@0.25.12 OK for: esbuild@0.25.12 want: 0.25.12
1909 silly placeDep ROOT @esbuild/linux-loong64@0.25.12 OK for: esbuild@0.25.12 want: 0.25.12
1910 silly placeDep ROOT @esbuild/linux-mips64el@0.25.12 OK for: esbuild@0.25.12 want: 0.25.12
1911 silly placeDep ROOT @esbuild/linux-ppc64@0.25.12 OK for: esbuild@0.25.12 want: 0.25.12
1912 silly placeDep ROOT @esbuild/linux-riscv64@0.25.12 OK for: esbuild@0.25.12 want: 0.25.12
1913 silly placeDep ROOT @esbuild/linux-s390x@0.25.12 OK for: esbuild@0.25.12 want: 0.25.12
1914 silly placeDep ROOT @esbuild/linux-x64@0.25.12 OK for: esbuild@0.25.12 want: 0.25.12
1915 silly placeDep ROOT @esbuild/netbsd-arm64@0.25.12 OK for: esbuild@0.25.12 want: 0.25.12
1916 silly placeDep ROOT @esbuild/netbsd-x64@0.25.12 OK for: esbuild@0.25.12 want: 0.25.12
1917 silly placeDep ROOT @esbuild/openbsd-arm64@0.25.12 OK for: esbuild@0.25.12 want: 0.25.12
1918 silly placeDep ROOT @esbuild/openbsd-x64@0.25.12 OK for: esbuild@0.25.12 want: 0.25.12
1919 silly placeDep ROOT @esbuild/openharmony-arm64@0.25.12 OK for: esbuild@0.25.12 want: 0.25.12
1920 silly placeDep ROOT @esbuild/sunos-x64@0.25.12 OK for: esbuild@0.25.12 want: 0.25.12
1921 silly placeDep ROOT @esbuild/win32-arm64@0.25.12 OK for: esbuild@0.25.12 want: 0.25.12
1922 silly placeDep ROOT @esbuild/win32-ia32@0.25.12 OK for: esbuild@0.25.12 want: 0.25.12
1923 silly placeDep ROOT @esbuild/win32-x64@0.25.12 OK for: esbuild@0.25.12 want: 0.25.12
1924 silly placeDep ROOT @napi-rs/lzma-linux-x64-gnu@1.5.1 OK for: rollup@4.63.2 want: 1.5.1
1925 silly placeDep ROOT @rollup/rollup-android-arm-eabi@4.63.2 OK for: rollup@4.63.2 want: 4.63.2
1926 silly placeDep ROOT @rollup/rollup-android-arm64@4.63.2 OK for: rollup@4.63.2 want: 4.63.2
1927 silly placeDep ROOT @rollup/rollup-darwin-arm64@4.63.2 OK for: rollup@4.63.2 want: 4.63.2
1928 silly placeDep ROOT @rollup/rollup-darwin-x64@4.63.2 OK for: rollup@4.63.2 want: 4.63.2
1929 silly placeDep ROOT @rollup/rollup-freebsd-arm64@4.63.2 OK for: rollup@4.63.2 want: 4.63.2
1930 silly placeDep ROOT @rollup/rollup-freebsd-x64@4.63.2 OK for: rollup@4.63.2 want: 4.63.2
1931 silly placeDep ROOT @rollup/rollup-linux-arm-gnueabihf@4.63.2 OK for: rollup@4.63.2 want: 4.63.2
1932 silly placeDep ROOT @rollup/rollup-linux-arm-musleabihf@4.63.2 OK for: rollup@4.63.2 want: 4.63.2
1933 silly placeDep ROOT @rollup/rollup-linux-arm64-gnu@4.63.2 OK for: rollup@4.63.2 want: 4.63.2
1934 silly placeDep ROOT @rollup/rollup-linux-arm64-musl@4.63.2 OK for: rollup@4.63.2 want: 4.63.2
1935 silly placeDep ROOT @rollup/rollup-linux-loong64-gnu@4.63.2 OK for: rollup@4.63.2 want: 4.63.2
1936 silly placeDep ROOT @rollup/rollup-linux-loong64-musl@4.63.2 OK for: rollup@4.63.2 want: 4.63.2
1937 silly placeDep ROOT @rollup/rollup-linux-ppc64-gnu@4.63.2 OK for: rollup@4.63.2 want: 4.63.2
1938 silly placeDep ROOT @rollup/rollup-linux-ppc64-musl@4.63.2 OK for: rollup@4.63.2 want: 4.63.2
1939 silly placeDep ROOT @rollup/rollup-linux-riscv64-gnu@4.63.2 OK for: rollup@4.63.2 want: 4.63.2
1940 silly placeDep ROOT @rollup/rollup-linux-riscv64-musl@4.63.2 OK for: rollup@4.63.2 want: 4.63.2
1941 silly placeDep ROOT @rollup/rollup-linux-s390x-gnu@4.63.2 OK for: rollup@4.63.2 want: 4.63.2
1942 silly placeDep ROOT @rollup/rollup-linux-x64-gnu@4.63.2 OK for: rollup@4.63.2 want: 4.63.2
1943 silly placeDep ROOT @rollup/rollup-linux-x64-musl@4.63.2 OK for: rollup@4.63.2 want: 4.63.2
1944 silly placeDep ROOT @rollup/rollup-openbsd-x64@4.63.2 OK for: rollup@4.63.2 want: 4.63.2
1945 silly placeDep ROOT @rollup/rollup-openharmony-arm64@4.63.2 OK for: rollup@4.63.2 want: 4.63.2
1946 silly placeDep ROOT @rollup/rollup-win32-arm64-msvc@4.63.2 OK for: rollup@4.63.2 want: 4.63.2
1947 silly placeDep ROOT @rollup/rollup-win32-ia32-msvc@4.63.2 OK for: rollup@4.63.2 want: 4.63.2
1948 silly placeDep ROOT @rollup/rollup-win32-x64-gnu@4.63.2 OK for: rollup@4.63.2 want: 4.63.2
1949 silly placeDep ROOT @rollup/rollup-win32-x64-msvc@4.63.2 OK for: rollup@4.63.2 want: 4.63.2
1950 silly placeDep ROOT @types/estree@1.0.9 OK for: rollup@4.63.2 want: 1.0.9
1951 silly placeDep node_modules/body-parser ms@2.0.0 OK for: debug@2.6.9 want: 2.0.0
1952 silly placeDep node_modules/express ms@2.0.0 OK for: debug@2.6.9 want: 2.0.0
1953 silly placeDep node_modules/finalhandler ms@2.0.0 OK for: debug@2.6.9 want: 2.0.0
1954 silly placeDep node_modules/send/node_modules/debug ms@2.0.0 OK for: debug@2.6.9 want: 2.0.0
1955 verbose type range
1956 verbose stack @google/genai: No matching version found for @google/genai@^0.1.1.
1956 verbose stack     at module.exports (/usr/local/Cellar/node/24.2.0/libexec/lib/node_modules/npm/node_modules/npm-pick-manifest/lib/index.js:215:23)
1956 verbose stack     at RegistryFetcher.manifest (/usr/local/Cellar/node/24.2.0/libexec/lib/node_modules/npm/node_modules/pacote/lib/registry.js:130:54)
1956 verbose stack     at async #fetchManifest (/usr/local/Cellar/node/24.2.0/libexec/lib/node_modules/npm/node_modules/@npmcli/arborist/lib/arborist/build-ideal-tree.js:1213:20)
1956 verbose stack     at async #nodeFromEdge (/usr/local/Cellar/node/24.2.0/libexec/lib/node_modules/npm/node_modules/@npmcli/arborist/lib/arborist/build-ideal-tree.js:1051:19)
1956 verbose stack     at async #buildDepStep (/usr/local/Cellar/node/24.2.0/libexec/lib/node_modules/npm/node_modules/@npmcli/arborist/lib/arborist/build-ideal-tree.js:915:11)
1956 verbose stack     at async Arborist.buildIdealTree (/usr/local/Cellar/node/24.2.0/libexec/lib/node_modules/npm/node_modules/@npmcli/arborist/lib/arborist/build-ideal-tree.js:182:7)
1956 verbose stack     at async Promise.all (index 1)
1956 verbose stack     at async Arborist.reify (/usr/local/Cellar/node/24.2.0/libexec/lib/node_modules/npm/node_modules/@npmcli/arborist/lib/arborist/reify.js:130:5)
1956 verbose stack     at async Install.exec (/usr/local/Cellar/node/24.2.0/libexec/lib/node_modules/npm/lib/commands/install.js:149:5)
1956 verbose stack     at async Npm.exec (/usr/local/Cellar/node/24.2.0/libexec/lib/node_modules/npm/lib/npm.js:208:9)
1957 error code ETARGET
1958 error notarget No matching version found for @google/genai@^0.1.1.
1959 error notarget In most cases you or one of your dependencies are requesting
1959 error notarget a package version that doesn't exist.
1960 silly unfinished npm timer reify 1789253077314
1961 silly unfinished npm timer reify:loadTrees 1789253077315
1962 verbose cwd /Users/Natech/Downloads/development/DailyOS
1963 verbose os Darwin 22.6.0
1964 verbose node v24.2.0
1965 verbose npm  v11.3.0
1966 verbose exit 1
1967 verbose code 1
1968 error A complete log of this run can be found in: /Users/Natech/Downloads/development/DailyOS/.npm-cache/_logs/2026-09-12T22_44_36_247Z-debug-0.log
